date,time_local,timezone,product,slug,channel,format,asset_files,instagram_caption,tiktok_caption,youtube_title,youtube_description,first_comment,tracked_landing_url,status
2026-10-01,12:30,America/Sao_Paulo,Ground Control,groundcontrol,product account / matching audience channel,reel,exports/en-US/groundcontrol/reel-1.mp4,"Your repositories, their branches, and the work waiting for you. Meet Ground Control for Mac. Explore the project. Link in bio. #Git #MacDeveloper #DeveloperTools","Your repositories, their branches, and the work waiting for you. Meet Ground Control for Mac. Explore the project. Link in bio. #Git #MacDeveloper #DeveloperTools",How many repositories are open in your head?,"Your repositories, their branches, and the work waiting for you. Meet Ground Control for Mac.
https://magiclabsolutions.com/apps/groundcontrol/?utm_source=instagram&utm_medium=organic_social&utm_campaign=october_2026&utm_content=groundcontrol_reel_1
#Shorts",Explore the project via the link in our bio. What would you try first?,https://magiclabsolutions.com/apps/groundcontrol/?utm_source=instagram&utm_medium=organic_social&utm_campaign=october_2026&utm_content=groundcontrol_reel_1,draft — awaiting English creative approval
2026-10-01,12:30,America/Sao_Paulo,Hooray,hooray,product account / matching audience channel,reel,exports/en-US/hooray/reel-1.mp4,One signing link. Plenty of personality. Bring everyone into the next birthday card. Make a card. Link in bio. #GroupCard #BirthdayCard #TeamCelebration,One signing link. Plenty of personality. Bring everyone into the next birthday card. Make a card. Link in bio. #GroupCard #BirthdayCard #TeamCelebration,The group chat has a birthday coming up.,"One signing link. Plenty of personality. Bring everyone into the next birthday card.
https://magiclabsolutions.com/apps/hooray/?utm_source=instagram&utm_medium=organic_social&utm_campaign=october_2026&utm_content=hooray_reel_1
#Shorts",Make a card via the link in our bio. What would you try first?,https://magiclabsolutions.com/apps/hooray/?utm_source=instagram&utm_medium=organic_social&utm_campaign=october_2026&utm_content=hooray_reel_1,draft — awaiting English creative approval
2026-10-01,12:30,America/Sao_Paulo,Poof,poof,product account / matching audience channel,reel,exports/en-US/poof/reel-1.mp4,What is filling the disk? Start with a clear view. Meet Poof for Mac. Explore the project. Link in bio. #MacStorage #DeveloperTools #MacApps,What is filling the disk? Start with a clear view. Meet Poof for Mac. Explore the project. Link in bio. #MacStorage #DeveloperTools #MacApps,The next project needs some room.,"What is filling the disk? Start with a clear view. Meet Poof for Mac.
https://magiclabsolutions.com/apps/poof/?utm_source=instagram&utm_medium=organic_social&utm_campaign=october_2026&utm_content=poof_reel_1
#Shorts",Explore the project via the link in our bio. What would you try first?,https://magiclabsolutions.com/apps/poof/?utm_source=instagram&utm_medium=organic_social&utm_campaign=october_2026&utm_content=poof_reel_1,draft — awaiting English creative approval
2026-10-01,12:30,America/Sao_Paulo,Toc Toc,toctoc,product account / matching audience channel,reel,exports/en-US/toctoc/reel-1.mp4,For the moments when focus makes the calendar disappear. Meet Toc Toc. Explore the project. Link in bio. #MeetingReminder #MacApps #DeepWork,For the moments when focus makes the calendar disappear. Meet Toc Toc. Explore the project. Link in bio. #MeetingReminder #MacApps #DeepWork,You were deep in work. The meeting starts now.,"For the moments when focus makes the calendar disappear. Meet Toc Toc.
https://magiclabsolutions.com/apps/toctoc/?utm_source=instagram&utm_medium=organic_social&utm_campaign=october_2026&utm_content=toctoc_reel_1
#Shorts",Explore the project via the link in our bio. What would you try first?,https://magiclabsolutions.com/apps/toctoc/?utm_source=instagram&utm_medium=organic_social&utm_campaign=october_2026&utm_content=toctoc_reel_1,draft — awaiting English creative approval
2026-10-02,12:30,America/Sao_Paulo,Brainfold,brainfold,product account / matching audience channel,reel,exports/en-US/brainfold/reel-1.mp4,Give those pages a second job: flashcards and practice questions. Discover Brainfold. Link in bio. #Flashcards #StudyRoutine #StudentLife,Give those pages a second job: flashcards and practice questions. Discover Brainfold. Link in bio. #Flashcards #StudyRoutine #StudentLife,You have the notes. Now make them practice.,"Give those pages a second job: flashcards and practice questions.
https://magiclabsolutions.com/apps/brainfold/?utm_source=instagram&utm_medium=organic_social&utm_campaign=october_2026&utm_content=brainfold_reel_1
#Shorts",Discover Brainfold via the link in our bio. What would you try first?,https://magiclabsolutions.com/apps/brainfold/?utm_source=instagram&utm_medium=organic_social&utm_campaign=october_2026&utm_content=brainfold_reel_1,draft — awaiting English creative approval
2026-10-02,12:30,America/Sao_Paulo,Soooon,soooon,product account / matching audience channel,reel,exports/en-US/soooon/reel-1.mp4,A countdown with someone to share the hype. Meet Soooon. Explore the project. Link in bio. #Countdown #TravelCountdown #Widgets,A countdown with someone to share the hype. Meet Soooon. Explore the project. Link in bio. #Countdown #TravelCountdown #Widgets,The trip is not today. The excitement is.,"A countdown with someone to share the hype. Meet Soooon.
https://magiclabsolutions.com/apps/soooon/?utm_source=instagram&utm_medium=organic_social&utm_campaign=october_2026&utm_content=soooon_reel_1
#Shorts",Explore the project via the link in our bio. What would you try first?,https://magiclabsolutions.com/apps/soooon/?utm_source=instagram&utm_medium=organic_social&utm_campaign=october_2026&utm_content=soooon_reel_1,draft — awaiting English creative approval
2026-10-02,12:30,America/Sao_Paulo,Sundust,sundust,product account / matching audience channel,reel,exports/en-US/sundust/reel-1.mp4,A tiny rocket. A world to discover. Which direction would you take? Discover Sundust. Link in bio. #SpaceGame #SandboxGame #IndieGame,A tiny rocket. A world to discover. Which direction would you take? Discover Sundust. Link in bio. #SpaceGame #SandboxGame #IndieGame,That tiny rocket is yours.,"A tiny rocket. A world to discover. Which direction would you take?
https://magiclabsolutions.com/apps/sundust/?utm_source=instagram&utm_medium=organic_social&utm_campaign=october_2026&utm_content=sundust_reel_1
#Shorts",Discover Sundust via the link in our bio. What would you try first?,https://magiclabsolutions.com/apps/sundust/?utm_source=instagram&utm_medium=organic_social&utm_campaign=october_2026&utm_content=sundust_reel_1,draft — awaiting English creative approval
2026-10-02,12:30,America/Sao_Paulo,TumTum,tumtum,product account / matching audience channel,reel,exports/en-US/tumtum/reel-1.mp4,A cozy home. A curious touch. A little story of their own. Discover TumTum together. Discover TumTum. Link in bio. #OpenEndedPlay #DigitalToys #PlayTogether,A cozy home. A curious touch. A little story of their own. Discover TumTum together. Discover TumTum. Link in bio. #OpenEndedPlay #DigitalToys #PlayTogether,What happens if we try this?,"A cozy home. A curious touch. A little story of their own. Discover TumTum together.
https://magiclabsolutions.com/apps/tumtum/?utm_source=instagram&utm_medium=organic_social&utm_campaign=october_2026&utm_content=tumtum_reel_1
#Shorts",Discover TumTum via the link in our bio. What would you try first?,https://magiclabsolutions.com/apps/tumtum/?utm_source=instagram&utm_medium=organic_social&utm_campaign=october_2026&utm_content=tumtum_reel_1,draft — awaiting English creative approval
2026-10-03,12:30,America/Sao_Paulo,Giftly,giftly,product account / matching audience channel,reel,exports/en-US/giftly/reel-1.mp4,The perfect idea usually arrives before you need it. Save it with the person in Giftly. Discover Giftly. Link in bio. #GiftIdeas #BirthdayReminder #ThoughtfulGifts,The perfect idea usually arrives before you need it. Save it with the person in Giftly. Discover Giftly. Link in bio. #GiftIdeas #BirthdayReminder #ThoughtfulGifts,“I know exactly what to get them.” Save that thought.,"The perfect idea usually arrives before you need it. Save it with the person in Giftly.
https://magiclabsolutions.com/apps/giftly/?utm_source=instagram&utm_medium=organic_social&utm_campaign=october_2026&utm_content=giftly_reel_1
#Shorts",Discover Giftly via the link in our bio. What would you try first?,https://magiclabsolutions.com/apps/giftly/?utm_source=instagram&utm_medium=organic_social&utm_campaign=october_2026&utm_content=giftly_reel_1,draft — awaiting English creative approval
2026-10-03,12:30,America/Sao_Paulo,Memories,memories,product account / matching audience channel,reel,exports/en-US/memories/reel-1.mp4,You already take the photos. Give them a story you can return to. Discover Memories. Link in bio. #MonthlyFilm #FamilyMemories #PhotoJournal,You already take the photos. Give them a story you can return to. Discover Memories. Link in bio. #MonthlyFilm #FamilyMemories #PhotoJournal,Your camera roll is already telling a story.,"You already take the photos. Give them a story you can return to.
https://magiclabsolutions.com/apps/memories/?utm_source=instagram&utm_medium=organic_social&utm_campaign=october_2026&utm_content=memories_reel_1
#Shorts",Discover Memories via the link in our bio. What would you try first?,https://magiclabsolutions.com/apps/memories/?utm_source=instagram&utm_medium=organic_social&utm_campaign=october_2026&utm_content=memories_reel_1,draft — awaiting English creative approval
2026-10-03,12:30,America/Sao_Paulo,My Renewals,myrenewals,product account / matching audience channel,reel,exports/en-US/myrenewals/reel-1.mp4,"Know what renews next, and see the recurring total together. Discover My Renewals. Link in bio. #SubscriptionTracker #RecurringPayments #MonthlyBudget","Know what renews next, and see the recurring total together. Discover My Renewals. Link in bio. #SubscriptionTracker #RecurringPayments #MonthlyBudget",Another renewal? Check what is next.,"Know what renews next, and see the recurring total together.
https://magiclabsolutions.com/apps/myrenewals/?utm_source=instagram&utm_medium=organic_social&utm_campaign=october_2026&utm_content=myrenewals_reel_1
#Shorts",Discover My Renewals via the link in our bio. What would you try first?,https://magiclabsolutions.com/apps/myrenewals/?utm_source=instagram&utm_medium=organic_social&utm_campaign=october_2026&utm_content=myrenewals_reel_1,draft — awaiting English creative approval
2026-10-03,12:30,America/Sao_Paulo,zuzu,zuzu,product account / matching audience channel,reel,exports/en-US/zuzu/reel-1.mp4,"Sleep, feeds and changes: a shared view for the people caring for your baby. Discover zuzu. Link in bio. #BabyTracker #NewParents #FamilyCare","Sleep, feeds and changes: a shared view for the people caring for your baby. Discover zuzu. Link in bio. #BabyTracker #NewParents #FamilyCare",“When was the last feed?” Start here.,"Sleep, feeds and changes: a shared view for the people caring for your baby.
https://magiclabsolutions.com/apps/zuzu/?utm_source=instagram&utm_medium=organic_social&utm_campaign=october_2026&utm_content=zuzu_reel_1
#Shorts",Discover zuzu via the link in our bio. What would you try first?,https://magiclabsolutions.com/apps/zuzu/?utm_source=instagram&utm_medium=organic_social&utm_campaign=october_2026&utm_content=zuzu_reel_1,draft — awaiting English creative approval
2026-10-04,18:00,America/Sao_Paulo,Ground Control,groundcontrol,product account / matching audience channel,static,exports/en-US/groundcontrol/social-1.png,"Your repositories, their branches, and the work waiting for you. Meet Ground Control for Mac. Explore the project. Link in bio. #Git #MacDeveloper #DeveloperTools","Your repositories, their branches, and the work waiting for you. Meet Ground Control for Mac. Explore the project. Link in bio. #Git #MacDeveloper #DeveloperTools",How many repositories are open in your head?,Use Instagram or the product’s audience channel for this image post.,Explore the project via the link in our bio. What would you try first?,https://magiclabsolutions.com/apps/groundcontrol/?utm_source=instagram&utm_medium=organic_social&utm_campaign=october_2026&utm_content=groundcontrol_static_1,draft — awaiting English creative approval
2026-10-04,18:00,America/Sao_Paulo,Hooray,hooray,product account / matching audience channel,static,exports/en-US/hooray/social-1.png,One signing link. Plenty of personality. Bring everyone into the next birthday card. Make a card. Link in bio. #GroupCard #BirthdayCard #TeamCelebration,One signing link. Plenty of personality. Bring everyone into the next birthday card. Make a card. Link in bio. #GroupCard #BirthdayCard #TeamCelebration,The group chat has a birthday coming up.,Use Instagram or the product’s audience channel for this image post.,Make a card via the link in our bio. What would you try first?,https://magiclabsolutions.com/apps/hooray/?utm_source=instagram&utm_medium=organic_social&utm_campaign=october_2026&utm_content=hooray_static_1,draft — awaiting English creative approval
2026-10-04,18:00,America/Sao_Paulo,Poof,poof,product account / matching audience channel,static,exports/en-US/poof/social-1.png,What is filling the disk? Start with a clear view. Meet Poof for Mac. Explore the project. Link in bio. #MacStorage #DeveloperTools #MacApps,What is filling the disk? Start with a clear view. Meet Poof for Mac. Explore the project. Link in bio. #MacStorage #DeveloperTools #MacApps,The next project needs some room.,Use Instagram or the product’s audience channel for this image post.,Explore the project via the link in our bio. What would you try first?,https://magiclabsolutions.com/apps/poof/?utm_source=instagram&utm_medium=organic_social&utm_campaign=october_2026&utm_content=poof_static_1,draft — awaiting English creative approval
2026-10-04,18:00,America/Sao_Paulo,Toc Toc,toctoc,product account / matching audience channel,static,exports/en-US/toctoc/social-1.png,For the moments when focus makes the calendar disappear. Meet Toc Toc. Explore the project. Link in bio. #MeetingReminder #MacApps #DeepWork,For the moments when focus makes the calendar disappear. Meet Toc Toc. Explore the project. Link in bio. #MeetingReminder #MacApps #DeepWork,You were deep in work. The meeting starts now.,Use Instagram or the product’s audience channel for this image post.,Explore the project via the link in our bio. What would you try first?,https://magiclabsolutions.com/apps/toctoc/?utm_source=instagram&utm_medium=organic_social&utm_campaign=october_2026&utm_content=toctoc_static_1,draft — awaiting English creative approval
2026-10-05,18:00,America/Sao_Paulo,Brainfold,brainfold,product account / matching audience channel,static,exports/en-US/brainfold/social-1.png,Give those pages a second job: flashcards and practice questions. Discover Brainfold. Link in bio. #Flashcards #StudyRoutine #StudentLife,Give those pages a second job: flashcards and practice questions. Discover Brainfold. Link in bio. #Flashcards #StudyRoutine #StudentLife,You have the notes. Now make them practice.,Use Instagram or the product’s audience channel for this image post.,Discover Brainfold via the link in our bio. What would you try first?,https://magiclabsolutions.com/apps/brainfold/?utm_source=instagram&utm_medium=organic_social&utm_campaign=october_2026&utm_content=brainfold_static_1,draft — awaiting English creative approval
2026-10-05,18:00,America/Sao_Paulo,Soooon,soooon,product account / matching audience channel,static,exports/en-US/soooon/social-1.png,A countdown with someone to share the hype. Meet Soooon. Explore the project. Link in bio. #Countdown #TravelCountdown #Widgets,A countdown with someone to share the hype. Meet Soooon. Explore the project. Link in bio. #Countdown #TravelCountdown #Widgets,The trip is not today. The excitement is.,Use Instagram or the product’s audience channel for this image post.,Explore the project via the link in our bio. What would you try first?,https://magiclabsolutions.com/apps/soooon/?utm_source=instagram&utm_medium=organic_social&utm_campaign=october_2026&utm_content=soooon_static_1,draft — awaiting English creative approval
2026-10-05,18:00,America/Sao_Paulo,Sundust,sundust,product account / matching audience channel,static,exports/en-US/sundust/social-1.png,A tiny rocket. A world to discover. Which direction would you take? Discover Sundust. Link in bio. #SpaceGame #SandboxGame #IndieGame,A tiny rocket. A world to discover. Which direction would you take? Discover Sundust. Link in bio. #SpaceGame #SandboxGame #IndieGame,That tiny rocket is yours.,Use Instagram or the product’s audience channel for this image post.,Discover Sundust via the link in our bio. What would you try first?,https://magiclabsolutions.com/apps/sundust/?utm_source=instagram&utm_medium=organic_social&utm_campaign=october_2026&utm_content=sundust_static_1,draft — awaiting English creative approval
2026-10-05,18:00,America/Sao_Paulo,TumTum,tumtum,product account / matching audience channel,static,exports/en-US/tumtum/social-1.png,A cozy home. A curious touch. A little story of their own. Discover TumTum together. Discover TumTum. Link in bio. #OpenEndedPlay #DigitalToys #PlayTogether,A cozy home. A curious touch. A little story of their own. Discover TumTum together. Discover TumTum. Link in bio. #OpenEndedPlay #DigitalToys #PlayTogether,What happens if we try this?,Use Instagram or the product’s audience channel for this image post.,Discover TumTum via the link in our bio. What would you try first?,https://magiclabsolutions.com/apps/tumtum/?utm_source=instagram&utm_medium=organic_social&utm_campaign=october_2026&utm_content=tumtum_static_1,draft — awaiting English creative approval
2026-10-06,18:00,America/Sao_Paulo,Giftly,giftly,product account / matching audience channel,static,exports/en-US/giftly/social-1.png,The perfect idea usually arrives before you need it. Save it with the person in Giftly. Discover Giftly. Link in bio. #GiftIdeas #BirthdayReminder #ThoughtfulGifts,The perfect idea usually arrives before you need it. Save it with the person in Giftly. Discover Giftly. Link in bio. #GiftIdeas #BirthdayReminder #ThoughtfulGifts,“I know exactly what to get them.” Save that thought.,Use Instagram or the product’s audience channel for this image post.,Discover Giftly via the link in our bio. What would you try first?,https://magiclabsolutions.com/apps/giftly/?utm_source=instagram&utm_medium=organic_social&utm_campaign=october_2026&utm_content=giftly_static_1,draft — awaiting English creative approval
2026-10-06,18:00,America/Sao_Paulo,Memories,memories,product account / matching audience channel,static,exports/en-US/memories/social-1.png,You already take the photos. Give them a story you can return to. Discover Memories. Link in bio. #MonthlyFilm #FamilyMemories #PhotoJournal,You already take the photos. Give them a story you can return to. Discover Memories. Link in bio. #MonthlyFilm #FamilyMemories #PhotoJournal,Your camera roll is already telling a story.,Use Instagram or the product’s audience channel for this image post.,Discover Memories via the link in our bio. What would you try first?,https://magiclabsolutions.com/apps/memories/?utm_source=instagram&utm_medium=organic_social&utm_campaign=october_2026&utm_content=memories_static_1,draft — awaiting English creative approval
2026-10-06,18:00,America/Sao_Paulo,My Renewals,myrenewals,product account / matching audience channel,static,exports/en-US/myrenewals/social-1.png,"Know what renews next, and see the recurring total together. Discover My Renewals. Link in bio. #SubscriptionTracker #RecurringPayments #MonthlyBudget","Know what renews next, and see the recurring total together. Discover My Renewals. Link in bio. #SubscriptionTracker #RecurringPayments #MonthlyBudget",Another renewal? Check what is next.,Use Instagram or the product’s audience channel for this image post.,Discover My Renewals via the link in our bio. What would you try first?,https://magiclabsolutions.com/apps/myrenewals/?utm_source=instagram&utm_medium=organic_social&utm_campaign=october_2026&utm_content=myrenewals_static_1,draft — awaiting English creative approval
2026-10-06,18:00,America/Sao_Paulo,zuzu,zuzu,product account / matching audience channel,static,exports/en-US/zuzu/social-1.png,"Sleep, feeds and changes: a shared view for the people caring for your baby. Discover zuzu. Link in bio. #BabyTracker #NewParents #FamilyCare","Sleep, feeds and changes: a shared view for the people caring for your baby. Discover zuzu. Link in bio. #BabyTracker #NewParents #FamilyCare",“When was the last feed?” Start here.,Use Instagram or the product’s audience channel for this image post.,Discover zuzu via the link in our bio. What would you try first?,https://magiclabsolutions.com/apps/zuzu/?utm_source=instagram&utm_medium=organic_social&utm_campaign=october_2026&utm_content=zuzu_static_1,draft — awaiting English creative approval
2026-10-08,12:30,America/Sao_Paulo,Ground Control,groundcontrol,product account / matching audience channel,carousel,exports/en-US/groundcontrol/carousel-1.png;exports/en-US/groundcontrol/carousel-2.png;exports/en-US/groundcontrol/carousel-3.png,Branch history makes more sense when you can see the path. Explore the project. Link in bio. #Git #MacDeveloper #DeveloperTools,Branch history makes more sense when you can see the path. Explore the project. Link in bio. #Git #MacDeveloper #DeveloperTools,"Before the next pull, take a look.",Use Instagram or the product’s audience channel for this image post.,Explore the project via the link in our bio. Who would you share this with?,https://magiclabsolutions.com/apps/groundcontrol/?utm_source=instagram&utm_medium=organic_social&utm_campaign=october_2026&utm_content=groundcontrol_carousel_1,draft — awaiting English creative approval
2026-10-08,12:30,America/Sao_Paulo,Hooray,hooray,product account / matching audience channel,carousel,exports/en-US/hooray/carousel-1.png;exports/en-US/hooray/carousel-2.png;exports/en-US/hooray/carousel-3.png,A card feels different when the whole group is in it. Make a card. Link in bio. #GroupCard #BirthdayCard #TeamCelebration,A card feels different when the whole group is in it. Make a card. Link in bio. #GroupCard #BirthdayCard #TeamCelebration,A goodbye deserves more than a thumbs-up.,Use Instagram or the product’s audience channel for this image post.,Make a card via the link in our bio. Who would you share this with?,https://magiclabsolutions.com/apps/hooray/?utm_source=instagram&utm_medium=organic_social&utm_campaign=october_2026&utm_content=hooray_carousel_1,draft — awaiting English creative approval
2026-10-08,12:30,America/Sao_Paulo,Poof,poof,product account / matching audience channel,carousel,exports/en-US/poof/carousel-1.png;exports/en-US/poof/carousel-2.png;exports/en-US/poof/carousel-3.png,Development leftovers add up. Keep them in view. Explore the project. Link in bio. #MacStorage #DeveloperTools #MacApps,Development leftovers add up. Keep them in view. Explore the project. Link in bio. #MacStorage #DeveloperTools #MacApps,"Before you clean, look at the list.",Use Instagram or the product’s audience channel for this image post.,Explore the project via the link in our bio. Who would you share this with?,https://magiclabsolutions.com/apps/poof/?utm_source=instagram&utm_medium=organic_social&utm_campaign=october_2026&utm_content=poof_carousel_1,draft — awaiting English creative approval
2026-10-08,12:30,America/Sao_Paulo,Toc Toc,toctoc,product account / matching audience channel,carousel,exports/en-US/toctoc/carousel-1.png;exports/en-US/toctoc/carousel-2.png;exports/en-US/toctoc/carousel-3.png,Keep the next meeting nearby while you work. Explore the project. Link in bio. #MeetingReminder #MacApps #DeepWork,Keep the next meeting nearby while you work. Explore the project. Link in bio. #MeetingReminder #MacApps #DeepWork,The calendar alert was easy to miss.,Use Instagram or the product’s audience channel for this image post.,Explore the project via the link in our bio. Who would you share this with?,https://magiclabsolutions.com/apps/toctoc/?utm_source=instagram&utm_medium=organic_social&utm_campaign=october_2026&utm_content=toctoc_carousel_1,draft — awaiting English creative approval
2026-10-09,12:30,America/Sao_Paulo,Brainfold,brainfold,product account / matching audience channel,carousel,exports/en-US/brainfold/carousel-1.png;exports/en-US/brainfold/carousel-2.png;exports/en-US/brainfold/carousel-3.png,"Ask about your material, then try a question yourself. Discover Brainfold. Link in bio. #Flashcards #StudyRoutine #StudentLife","Ask about your material, then try a question yourself. Discover Brainfold. Link in bio. #Flashcards #StudyRoutine #StudentLife",Reading it again is only the start.,Use Instagram or the product’s audience channel for this image post.,Discover Brainfold via the link in our bio. Who would you share this with?,https://magiclabsolutions.com/apps/brainfold/?utm_source=instagram&utm_medium=organic_social&utm_campaign=october_2026&utm_content=brainfold_carousel_1,draft — awaiting English creative approval
2026-10-09,12:30,America/Sao_Paulo,Soooon,soooon,product account / matching audience channel,carousel,exports/en-US/soooon/carousel-1.png;exports/en-US/soooon/carousel-2.png;exports/en-US/soooon/carousel-3.png,"Birthdays, holidays, plans: what is your next big day? Explore the project. Link in bio. #Countdown #TravelCountdown #Widgets","Birthdays, holidays, plans: what is your next big day? Explore the project. Link in bio. #Countdown #TravelCountdown #Widgets",You are allowed to be excited already.,Use Instagram or the product’s audience channel for this image post.,Explore the project via the link in our bio. Who would you share this with?,https://magiclabsolutions.com/apps/soooon/?utm_source=instagram&utm_medium=organic_social&utm_campaign=october_2026&utm_content=soooon_carousel_1,draft — awaiting English creative approval
2026-10-09,12:30,America/Sao_Paulo,Sundust,sundust,product account / matching audience channel,carousel,exports/en-US/sundust/carousel-1.png;exports/en-US/sundust/carousel-2.png;exports/en-US/sundust/carousel-3.png,Sometimes the best part is just being on another world. Discover Sundust. Link in bio. #SpaceGame #SandboxGame #IndieGame,Sometimes the best part is just being on another world. Discover Sundust. Link in bio. #SpaceGame #SandboxGame #IndieGame,One landing can start a whole adventure.,Use Instagram or the product’s audience channel for this image post.,Discover Sundust via the link in our bio. Who would you share this with?,https://magiclabsolutions.com/apps/sundust/?utm_source=instagram&utm_medium=organic_social&utm_campaign=october_2026&utm_content=sundust_carousel_1,draft — awaiting English creative approval
2026-10-09,12:30,America/Sao_Paulo,TumTum,tumtum,product account / matching audience channel,carousel,exports/en-US/tumtum/carousel-1.png;exports/en-US/tumtum/carousel-2.png;exports/en-US/tumtum/carousel-3.png,What happens next? Let their curiosity lead the play. Discover TumTum. Link in bio. #OpenEndedPlay #DigitalToys #PlayTogether,What happens next? Let their curiosity lead the play. Discover TumTum. Link in bio. #OpenEndedPlay #DigitalToys #PlayTogether,A little story starts with a little touch.,Use Instagram or the product’s audience channel for this image post.,Discover TumTum via the link in our bio. Who would you share this with?,https://magiclabsolutions.com/apps/tumtum/?utm_source=instagram&utm_medium=organic_social&utm_campaign=october_2026&utm_content=tumtum_carousel_1,draft — awaiting English creative approval
2026-10-10,12:30,America/Sao_Paulo,Giftly,giftly,product account / matching audience channel,carousel,exports/en-US/giftly/carousel-1.png;exports/en-US/giftly/carousel-2.png;exports/en-US/giftly/carousel-3.png,"Tastes, sizes and past gifts: the details that make giving feel personal. Discover Giftly. Link in bio. #GiftIdeas #BirthdayReminder #ThoughtfulGifts","Tastes, sizes and past gifts: the details that make giving feel personal. Discover Giftly. Link in bio. #GiftIdeas #BirthdayReminder #ThoughtfulGifts",The birthday is next week. You have an idea.,Use Instagram or the product’s audience channel for this image post.,Discover Giftly via the link in our bio. Who would you share this with?,https://magiclabsolutions.com/apps/giftly/?utm_source=instagram&utm_medium=organic_social&utm_campaign=october_2026&utm_content=giftly_carousel_1,draft — awaiting English creative approval
2026-10-10,12:30,America/Sao_Paulo,Memories,memories,product account / matching audience channel,carousel,exports/en-US/memories/carousel-1.png;exports/en-US/memories/carousel-2.png;exports/en-US/memories/carousel-3.png,Your first year together. Their first year here. Your year in life. Discover Memories. Link in bio. #MonthlyFilm #FamilyMemories #PhotoJournal,Your first year together. Their first year here. Your year in life. Discover Memories. Link in bio. #MonthlyFilm #FamilyMemories #PhotoJournal,That ordinary Tuesday will matter one day.,Use Instagram or the product’s audience channel for this image post.,Discover Memories via the link in our bio. Who would you share this with?,https://magiclabsolutions.com/apps/memories/?utm_source=instagram&utm_medium=organic_social&utm_campaign=october_2026&utm_content=memories_carousel_1,draft — awaiting English creative approval
2026-10-10,12:30,America/Sao_Paulo,My Renewals,myrenewals,product account / matching audience channel,carousel,exports/en-US/myrenewals/carousel-1.png;exports/en-US/myrenewals/carousel-2.png;exports/en-US/myrenewals/carousel-3.png,The small payments are easier to understand when you can see them together. Discover My Renewals. Link in bio. #SubscriptionTracker #RecurringPayments #MonthlyBudget,The small payments are easier to understand when you can see them together. Discover My Renewals. Link in bio. #SubscriptionTracker #RecurringPayments #MonthlyBudget,Small monthly payments add up.,Use Instagram or the product’s audience channel for this image post.,Discover My Renewals via the link in our bio. Who would you share this with?,https://magiclabsolutions.com/apps/myrenewals/?utm_source=instagram&utm_medium=organic_social&utm_campaign=october_2026&utm_content=myrenewals_carousel_1,draft — awaiting English creative approval
2026-10-10,12:30,America/Sao_Paulo,zuzu,zuzu,product account / matching audience channel,carousel,exports/en-US/zuzu/carousel-1.png;exports/en-US/zuzu/carousel-2.png;exports/en-US/zuzu/carousel-3.png,A quick log can help the next caregiver see what happened. Discover zuzu. Link in bio. #BabyTracker #NewParents #FamilyCare,A quick log can help the next caregiver see what happened. Discover zuzu. Link in bio. #BabyTracker #NewParents #FamilyCare,The handover is easier with a shared view.,Use Instagram or the product’s audience channel for this image post.,Discover zuzu via the link in our bio. Who would you share this with?,https://magiclabsolutions.com/apps/zuzu/?utm_source=instagram&utm_medium=organic_social&utm_campaign=october_2026&utm_content=zuzu_carousel_1,draft — awaiting English creative approval
2026-10-11,18:00,America/Sao_Paulo,Ground Control,groundcontrol,product account / matching audience channel,static,exports/en-US/groundcontrol/social-2.png,A clear view before the next Git action. Explore the project. Explore the project. Link in bio. #Git #MacDeveloper #DeveloperTools,A clear view before the next Git action. Explore the project. Explore the project. Link in bio. #Git #MacDeveloper #DeveloperTools,"Before the next pull, take a look.",Use Instagram or the product’s audience channel for this image post.,Explore the project via the link in our bio. Who would you share this with?,https://magiclabsolutions.com/apps/groundcontrol/?utm_source=instagram&utm_medium=organic_social&utm_campaign=october_2026&utm_content=groundcontrol_static_2,draft — awaiting English creative approval
2026-10-11,18:00,America/Sao_Paulo,Hooray,hooray,product account / matching audience channel,static,exports/en-US/hooray/social-2.png,The nicest part of a farewell? Hearing from everyone. Make room for their messages. Make a card. Link in bio. #GroupCard #BirthdayCard #TeamCelebration,The nicest part of a farewell? Hearing from everyone. Make room for their messages. Make a card. Link in bio. #GroupCard #BirthdayCard #TeamCelebration,A goodbye deserves more than a thumbs-up.,Use Instagram or the product’s audience channel for this image post.,Make a card via the link in our bio. Who would you share this with?,https://magiclabsolutions.com/apps/hooray/?utm_source=instagram&utm_medium=organic_social&utm_campaign=october_2026&utm_content=hooray_static_2,draft — awaiting English creative approval
2026-10-11,18:00,America/Sao_Paulo,Poof,poof,product account / matching audience channel,static,exports/en-US/poof/social-2.png,Review first. Choose what goes. Explore the project. Explore the project. Link in bio. #MacStorage #DeveloperTools #MacApps,Review first. Choose what goes. Explore the project. Explore the project. Link in bio. #MacStorage #DeveloperTools #MacApps,"Before you clean, look at the list.",Use Instagram or the product’s audience channel for this image post.,Explore the project via the link in our bio. Who would you share this with?,https://magiclabsolutions.com/apps/poof/?utm_source=instagram&utm_medium=organic_social&utm_campaign=october_2026&utm_content=poof_static_2,draft — awaiting English creative approval
2026-10-11,18:00,America/Sao_Paulo,Toc Toc,toctoc,product account / matching audience channel,static,exports/en-US/toctoc/social-2.png,"A countdown, a knock, and a way into the call. Explore the project. Explore the project. Link in bio. #MeetingReminder #MacApps #DeepWork","A countdown, a knock, and a way into the call. Explore the project. Explore the project. Link in bio. #MeetingReminder #MacApps #DeepWork",The calendar alert was easy to miss.,Use Instagram or the product’s audience channel for this image post.,Explore the project via the link in our bio. Who would you share this with?,https://magiclabsolutions.com/apps/toctoc/?utm_source=instagram&utm_medium=organic_social&utm_campaign=october_2026&utm_content=toctoc_static_2,draft — awaiting English creative approval
2026-10-12,18:00,America/Sao_Paulo,Brainfold,brainfold,product account / matching audience channel,static,exports/en-US/brainfold/social-2.png,Short review sessions can fit between the other things in your day. Discover Brainfold. Link in bio. #Flashcards #StudyRoutine #StudentLife,Short review sessions can fit between the other things in your day. Discover Brainfold. Link in bio. #Flashcards #StudyRoutine #StudentLife,Reading it again is only the start.,Use Instagram or the product’s audience channel for this image post.,Discover Brainfold via the link in our bio. Who would you share this with?,https://magiclabsolutions.com/apps/brainfold/?utm_source=instagram&utm_medium=organic_social&utm_campaign=october_2026&utm_content=brainfold_static_2,draft — awaiting English creative approval
2026-10-12,18:00,America/Sao_Paulo,Soooon,soooon,product account / matching audience channel,static,exports/en-US/soooon/social-2.png,"The waiting is part of the trip, too. Explore what we are building. Explore the project. Link in bio. #Countdown #TravelCountdown #Widgets","The waiting is part of the trip, too. Explore what we are building. Explore the project. Link in bio. #Countdown #TravelCountdown #Widgets",You are allowed to be excited already.,Use Instagram or the product’s audience channel for this image post.,Explore the project via the link in our bio. Who would you share this with?,https://magiclabsolutions.com/apps/soooon/?utm_source=instagram&utm_medium=organic_social&utm_campaign=october_2026&utm_content=soooon_static_2,draft — awaiting English creative approval
2026-10-12,18:00,America/Sao_Paulo,Sundust,sundust,product account / matching audience channel,static,exports/en-US/sundust/social-2.png,A good landing is only the beginning. Explore Sundust at your own pace. Discover Sundust. Link in bio. #SpaceGame #SandboxGame #IndieGame,A good landing is only the beginning. Explore Sundust at your own pace. Discover Sundust. Link in bio. #SpaceGame #SandboxGame #IndieGame,One landing can start a whole adventure.,Use Instagram or the product’s audience channel for this image post.,Discover Sundust via the link in our bio. Who would you share this with?,https://magiclabsolutions.com/apps/sundust/?utm_source=instagram&utm_medium=organic_social&utm_campaign=october_2026&utm_content=sundust_static_2,draft — awaiting English creative approval
2026-10-12,18:00,America/Sao_Paulo,TumTum,tumtum,product account / matching audience channel,static,exports/en-US/tumtum/social-2.png,"Choose, try, repeat. There is room to explore at their own pace. Discover TumTum. Link in bio. #OpenEndedPlay #DigitalToys #PlayTogether","Choose, try, repeat. There is room to explore at their own pace. Discover TumTum. Link in bio. #OpenEndedPlay #DigitalToys #PlayTogether",A little story starts with a little touch.,Use Instagram or the product’s audience channel for this image post.,Discover TumTum via the link in our bio. Who would you share this with?,https://magiclabsolutions.com/apps/tumtum/?utm_source=instagram&utm_medium=organic_social&utm_campaign=october_2026&utm_content=tumtum_static_2,draft — awaiting English creative approval
2026-10-13,18:00,America/Sao_Paulo,Giftly,giftly,product account / matching audience channel,static,exports/en-US/giftly/social-2.png,Birthdays are easier when the idea is already there. Discover Giftly. Link in bio. #GiftIdeas #BirthdayReminder #ThoughtfulGifts,Birthdays are easier when the idea is already there. Discover Giftly. Link in bio. #GiftIdeas #BirthdayReminder #ThoughtfulGifts,The birthday is next week. You have an idea.,Use Instagram or the product’s audience channel for this image post.,Discover Giftly via the link in our bio. Who would you share this with?,https://magiclabsolutions.com/apps/giftly/?utm_source=instagram&utm_medium=organic_social&utm_campaign=october_2026&utm_content=giftly_static_2,draft — awaiting English creative approval
2026-10-13,18:00,America/Sao_Paulo,Memories,memories,product account / matching audience channel,static,exports/en-US/memories/social-2.png,Not every memory is a milestone. Some are just a very good Tuesday. Discover Memories. Link in bio. #MonthlyFilm #FamilyMemories #PhotoJournal,Not every memory is a milestone. Some are just a very good Tuesday. Discover Memories. Link in bio. #MonthlyFilm #FamilyMemories #PhotoJournal,That ordinary Tuesday will matter one day.,Use Instagram or the product’s audience channel for this image post.,Discover Memories via the link in our bio. Who would you share this with?,https://magiclabsolutions.com/apps/memories/?utm_source=instagram&utm_medium=organic_social&utm_campaign=october_2026&utm_content=memories_static_2,draft — awaiting English creative approval
2026-10-13,18:00,America/Sao_Paulo,My Renewals,myrenewals,product account / matching audience channel,static,exports/en-US/myrenewals/social-2.png,Make next month’s subscriptions less of a guessing game. Discover My Renewals. Link in bio. #SubscriptionTracker #RecurringPayments #MonthlyBudget,Make next month’s subscriptions less of a guessing game. Discover My Renewals. Link in bio. #SubscriptionTracker #RecurringPayments #MonthlyBudget,Small monthly payments add up.,Use Instagram or the product’s audience channel for this image post.,Discover My Renewals via the link in our bio. Who would you share this with?,https://magiclabsolutions.com/apps/myrenewals/?utm_source=instagram&utm_medium=organic_social&utm_campaign=october_2026&utm_content=myrenewals_static_2,draft — awaiting English creative approval
2026-10-13,18:00,America/Sao_Paulo,zuzu,zuzu,product account / matching audience channel,static,exports/en-US/zuzu/social-2.png,The everyday details are easier to follow when they are together. Discover zuzu. Link in bio. #BabyTracker #NewParents #FamilyCare,The everyday details are easier to follow when they are together. Discover zuzu. Link in bio. #BabyTracker #NewParents #FamilyCare,The handover is easier with a shared view.,Use Instagram or the product’s audience channel for this image post.,Discover zuzu via the link in our bio. Who would you share this with?,https://magiclabsolutions.com/apps/zuzu/?utm_source=instagram&utm_medium=organic_social&utm_campaign=october_2026&utm_content=zuzu_static_2,draft — awaiting English creative approval
2026-10-15,12:30,America/Sao_Paulo,Ground Control,groundcontrol,product account / matching audience channel,reel,exports/en-US/groundcontrol/reel-2.mp4,A clear view before the next Git action. Explore the project. Explore the project. Link in bio. #Git #MacDeveloper #DeveloperTools,A clear view before the next Git action. Explore the project. Explore the project. Link in bio. #Git #MacDeveloper #DeveloperTools,A branch map you can actually follow.,"A clear view before the next Git action. Explore the project.
https://magiclabsolutions.com/apps/groundcontrol/?utm_source=instagram&utm_medium=organic_social&utm_campaign=october_2026&utm_content=groundcontrol_reel_2
#Shorts",Explore the project via the link in our bio. Which detail matters to you?,https://magiclabsolutions.com/apps/groundcontrol/?utm_source=instagram&utm_medium=organic_social&utm_campaign=october_2026&utm_content=groundcontrol_reel_2,draft — awaiting English creative approval
2026-10-15,12:30,America/Sao_Paulo,Hooray,hooray,product account / matching audience channel,reel,exports/en-US/hooray/reel-2.mp4,The nicest part of a farewell? Hearing from everyone. Make room for their messages. Make a card. Link in bio. #GroupCard #BirthdayCard #TeamCelebration,The nicest part of a farewell? Hearing from everyone. Make room for their messages. Make a card. Link in bio. #GroupCard #BirthdayCard #TeamCelebration,Everyone has something to say.,"The nicest part of a farewell? Hearing from everyone. Make room for their messages.
https://magiclabsolutions.com/apps/hooray/?utm_source=instagram&utm_medium=organic_social&utm_campaign=october_2026&utm_content=hooray_reel_2
#Shorts",Make a card via the link in our bio. Which detail matters to you?,https://magiclabsolutions.com/apps/hooray/?utm_source=instagram&utm_medium=organic_social&utm_campaign=october_2026&utm_content=hooray_reel_2,draft — awaiting English creative approval
2026-10-15,12:30,America/Sao_Paulo,Poof,poof,product account / matching audience channel,reel,exports/en-US/poof/reel-2.mp4,Review first. Choose what goes. Explore the project. Explore the project. Link in bio. #MacStorage #DeveloperTools #MacApps,Review first. Choose what goes. Explore the project. Explore the project. Link in bio. #MacStorage #DeveloperTools #MacApps,Build leftovers have a way of building up.,"Review first. Choose what goes. Explore the project.
https://magiclabsolutions.com/apps/poof/?utm_source=instagram&utm_medium=organic_social&utm_campaign=october_2026&utm_content=poof_reel_2
#Shorts",Explore the project via the link in our bio. Which detail matters to you?,https://magiclabsolutions.com/apps/poof/?utm_source=instagram&utm_medium=organic_social&utm_campaign=october_2026&utm_content=poof_reel_2,draft — awaiting English creative approval
2026-10-15,12:30,America/Sao_Paulo,Toc Toc,toctoc,product account / matching audience channel,reel,exports/en-US/toctoc/reel-2.mp4,"A countdown, a knock, and a way into the call. Explore the project. Explore the project. Link in bio. #MeetingReminder #MacApps #DeepWork","A countdown, a knock, and a way into the call. Explore the project. Explore the project. Link in bio. #MeetingReminder #MacApps #DeepWork",A little knock before your next call.,"A countdown, a knock, and a way into the call. Explore the project.
https://magiclabsolutions.com/apps/toctoc/?utm_source=instagram&utm_medium=organic_social&utm_campaign=october_2026&utm_content=toctoc_reel_2
#Shorts",Explore the project via the link in our bio. Which detail matters to you?,https://magiclabsolutions.com/apps/toctoc/?utm_source=instagram&utm_medium=organic_social&utm_campaign=october_2026&utm_content=toctoc_reel_2,draft — awaiting English creative approval
2026-10-16,12:30,America/Sao_Paulo,Brainfold,brainfold,product account / matching audience channel,reel,exports/en-US/brainfold/reel-2.mp4,Short review sessions can fit between the other things in your day. Discover Brainfold. Link in bio. #Flashcards #StudyRoutine #StudentLife,Short review sessions can fit between the other things in your day. Discover Brainfold. Link in bio. #Flashcards #StudyRoutine #StudentLife,One spare moment. One more question.,"Short review sessions can fit between the other things in your day.
https://magiclabsolutions.com/apps/brainfold/?utm_source=instagram&utm_medium=organic_social&utm_campaign=october_2026&utm_content=brainfold_reel_2
#Shorts",Discover Brainfold via the link in our bio. Which detail matters to you?,https://magiclabsolutions.com/apps/brainfold/?utm_source=instagram&utm_medium=organic_social&utm_campaign=october_2026&utm_content=brainfold_reel_2,draft — awaiting English creative approval
2026-10-16,12:30,America/Sao_Paulo,Soooon,soooon,product account / matching audience channel,reel,exports/en-US/soooon/reel-2.mp4,"The waiting is part of the trip, too. Explore what we are building. Explore the project. Link in bio. #Countdown #TravelCountdown #Widgets","The waiting is part of the trip, too. Explore what we are building. Explore the project. Link in bio. #Countdown #TravelCountdown #Widgets",What are you looking forward to?,"The waiting is part of the trip, too. Explore what we are building.
https://magiclabsolutions.com/apps/soooon/?utm_source=instagram&utm_medium=organic_social&utm_campaign=october_2026&utm_content=soooon_reel_2
#Shorts",Explore the project via the link in our bio. Which detail matters to you?,https://magiclabsolutions.com/apps/soooon/?utm_source=instagram&utm_medium=organic_social&utm_campaign=october_2026&utm_content=soooon_reel_2,draft — awaiting English creative approval
2026-10-16,12:30,America/Sao_Paulo,Sundust,sundust,product account / matching audience channel,reel,exports/en-US/sundust/reel-2.mp4,A good landing is only the beginning. Explore Sundust at your own pace. Discover Sundust. Link in bio. #SpaceGame #SandboxGame #IndieGame,A good landing is only the beginning. Explore Sundust at your own pace. Discover Sundust. Link in bio. #SpaceGame #SandboxGame #IndieGame,A quiet moment on another world.,"A good landing is only the beginning. Explore Sundust at your own pace.
https://magiclabsolutions.com/apps/sundust/?utm_source=instagram&utm_medium=organic_social&utm_campaign=october_2026&utm_content=sundust_reel_2
#Shorts",Discover Sundust via the link in our bio. Which detail matters to you?,https://magiclabsolutions.com/apps/sundust/?utm_source=instagram&utm_medium=organic_social&utm_campaign=october_2026&utm_content=sundust_reel_2,draft — awaiting English creative approval
2026-10-16,12:30,America/Sao_Paulo,TumTum,tumtum,product account / matching audience channel,reel,exports/en-US/tumtum/reel-2.mp4,"Choose, try, repeat. There is room to explore at their own pace. Discover TumTum. Link in bio. #OpenEndedPlay #DigitalToys #PlayTogether","Choose, try, repeat. There is room to explore at their own pace. Discover TumTum. Link in bio. #OpenEndedPlay #DigitalToys #PlayTogether",Follow their next “what if?”,"Choose, try, repeat. There is room to explore at their own pace.
https://magiclabsolutions.com/apps/tumtum/?utm_source=instagram&utm_medium=organic_social&utm_campaign=october_2026&utm_content=tumtum_reel_2
#Shorts",Discover TumTum via the link in our bio. Which detail matters to you?,https://magiclabsolutions.com/apps/tumtum/?utm_source=instagram&utm_medium=organic_social&utm_campaign=october_2026&utm_content=tumtum_reel_2,draft — awaiting English creative approval
2026-10-17,12:30,America/Sao_Paulo,Giftly,giftly,product account / matching audience channel,reel,exports/en-US/giftly/reel-2.mp4,Birthdays are easier when the idea is already there. Discover Giftly. Link in bio. #GiftIdeas #BirthdayReminder #ThoughtfulGifts,Birthdays are easier when the idea is already there. Discover Giftly. Link in bio. #GiftIdeas #BirthdayReminder #ThoughtfulGifts,Your good gift ideas deserve a home.,"Birthdays are easier when the idea is already there.
https://magiclabsolutions.com/apps/giftly/?utm_source=instagram&utm_medium=organic_social&utm_campaign=october_2026&utm_content=giftly_reel_2
#Shorts",Discover Giftly via the link in our bio. Which detail matters to you?,https://magiclabsolutions.com/apps/giftly/?utm_source=instagram&utm_medium=organic_social&utm_campaign=october_2026&utm_content=giftly_reel_2,draft — awaiting English creative approval
2026-10-17,12:30,America/Sao_Paulo,Memories,memories,product account / matching audience channel,reel,exports/en-US/memories/reel-2.mp4,Not every memory is a milestone. Some are just a very good Tuesday. Discover Memories. Link in bio. #MonthlyFilm #FamilyMemories #PhotoJournal,Not every memory is a milestone. Some are just a very good Tuesday. Discover Memories. Link in bio. #MonthlyFilm #FamilyMemories #PhotoJournal,"A whole month, in a little film.","Not every memory is a milestone. Some are just a very good Tuesday.
https://magiclabsolutions.com/apps/memories/?utm_source=instagram&utm_medium=organic_social&utm_campaign=october_2026&utm_content=memories_reel_2
#Shorts",Discover Memories via the link in our bio. Which detail matters to you?,https://magiclabsolutions.com/apps/memories/?utm_source=instagram&utm_medium=organic_social&utm_campaign=october_2026&utm_content=memories_reel_2,draft — awaiting English creative approval
2026-10-17,12:30,America/Sao_Paulo,My Renewals,myrenewals,product account / matching audience channel,reel,exports/en-US/myrenewals/reel-2.mp4,Make next month’s subscriptions less of a guessing game. Discover My Renewals. Link in bio. #SubscriptionTracker #RecurringPayments #MonthlyBudget,Make next month’s subscriptions less of a guessing game. Discover My Renewals. Link in bio. #SubscriptionTracker #RecurringPayments #MonthlyBudget,Do you know what renews this month?,"Make next month’s subscriptions less of a guessing game.
https://magiclabsolutions.com/apps/myrenewals/?utm_source=instagram&utm_medium=organic_social&utm_campaign=october_2026&utm_content=myrenewals_reel_2
#Shorts",Discover My Renewals via the link in our bio. Which detail matters to you?,https://magiclabsolutions.com/apps/myrenewals/?utm_source=instagram&utm_medium=organic_social&utm_campaign=october_2026&utm_content=myrenewals_reel_2,draft — awaiting English creative approval
2026-10-17,12:30,America/Sao_Paulo,zuzu,zuzu,product account / matching audience channel,reel,exports/en-US/zuzu/reel-2.mp4,The everyday details are easier to follow when they are together. Discover zuzu. Link in bio. #BabyTracker #NewParents #FamilyCare,The everyday details are easier to follow when they are together. Discover zuzu. Link in bio. #BabyTracker #NewParents #FamilyCare,A day with a baby has a lot of little details.,"The everyday details are easier to follow when they are together.
https://magiclabsolutions.com/apps/zuzu/?utm_source=instagram&utm_medium=organic_social&utm_campaign=october_2026&utm_content=zuzu_reel_2
#Shorts",Discover zuzu via the link in our bio. Which detail matters to you?,https://magiclabsolutions.com/apps/zuzu/?utm_source=instagram&utm_medium=organic_social&utm_campaign=october_2026&utm_content=zuzu_reel_2,draft — awaiting English creative approval
2026-10-18,18:00,America/Sao_Paulo,Ground Control,groundcontrol,product account / matching audience channel,static,exports/en-US/groundcontrol/social-3.png,Branch history makes more sense when you can see the path. Explore the project. Link in bio. #Git #MacDeveloper #DeveloperTools,Branch history makes more sense when you can see the path. Explore the project. Link in bio. #Git #MacDeveloper #DeveloperTools,A branch map you can actually follow.,Use Instagram or the product’s audience channel for this image post.,Explore the project via the link in our bio. Which detail matters to you?,https://magiclabsolutions.com/apps/groundcontrol/?utm_source=instagram&utm_medium=organic_social&utm_campaign=october_2026&utm_content=groundcontrol_static_3,draft — awaiting English creative approval
2026-10-18,18:00,America/Sao_Paulo,Hooray,hooray,product account / matching audience channel,static,exports/en-US/hooray/social-3.png,A card feels different when the whole group is in it. Make a card. Link in bio. #GroupCard #BirthdayCard #TeamCelebration,A card feels different when the whole group is in it. Make a card. Link in bio. #GroupCard #BirthdayCard #TeamCelebration,Everyone has something to say.,Use Instagram or the product’s audience channel for this image post.,Make a card via the link in our bio. Which detail matters to you?,https://magiclabsolutions.com/apps/hooray/?utm_source=instagram&utm_medium=organic_social&utm_campaign=october_2026&utm_content=hooray_static_3,draft — awaiting English creative approval
2026-10-18,18:00,America/Sao_Paulo,Poof,poof,product account / matching audience channel,static,exports/en-US/poof/social-3.png,Development leftovers add up. Keep them in view. Explore the project. Link in bio. #MacStorage #DeveloperTools #MacApps,Development leftovers add up. Keep them in view. Explore the project. Link in bio. #MacStorage #DeveloperTools #MacApps,Build leftovers have a way of building up.,Use Instagram or the product’s audience channel for this image post.,Explore the project via the link in our bio. Which detail matters to you?,https://magiclabsolutions.com/apps/poof/?utm_source=instagram&utm_medium=organic_social&utm_campaign=october_2026&utm_content=poof_static_3,draft — awaiting English creative approval
2026-10-18,18:00,America/Sao_Paulo,Toc Toc,toctoc,product account / matching audience channel,static,exports/en-US/toctoc/social-3.png,Keep the next meeting nearby while you work. Explore the project. Link in bio. #MeetingReminder #MacApps #DeepWork,Keep the next meeting nearby while you work. Explore the project. Link in bio. #MeetingReminder #MacApps #DeepWork,A little knock before your next call.,Use Instagram or the product’s audience channel for this image post.,Explore the project via the link in our bio. Which detail matters to you?,https://magiclabsolutions.com/apps/toctoc/?utm_source=instagram&utm_medium=organic_social&utm_campaign=october_2026&utm_content=toctoc_static_3,draft — awaiting English creative approval
2026-10-19,18:00,America/Sao_Paulo,Brainfold,brainfold,product account / matching audience channel,static,exports/en-US/brainfold/social-3.png,"Ask about your material, then try a question yourself. Discover Brainfold. Link in bio. #Flashcards #StudyRoutine #StudentLife","Ask about your material, then try a question yourself. Discover Brainfold. Link in bio. #Flashcards #StudyRoutine #StudentLife",One spare moment. One more question.,Use Instagram or the product’s audience channel for this image post.,Discover Brainfold via the link in our bio. Which detail matters to you?,https://magiclabsolutions.com/apps/brainfold/?utm_source=instagram&utm_medium=organic_social&utm_campaign=october_2026&utm_content=brainfold_static_3,draft — awaiting English creative approval
2026-10-19,18:00,America/Sao_Paulo,Soooon,soooon,product account / matching audience channel,static,exports/en-US/soooon/social-3.png,"Birthdays, holidays, plans: what is your next big day? Explore the project. Link in bio. #Countdown #TravelCountdown #Widgets","Birthdays, holidays, plans: what is your next big day? Explore the project. Link in bio. #Countdown #TravelCountdown #Widgets",What are you looking forward to?,Use Instagram or the product’s audience channel for this image post.,Explore the project via the link in our bio. Which detail matters to you?,https://magiclabsolutions.com/apps/soooon/?utm_source=instagram&utm_medium=organic_social&utm_campaign=october_2026&utm_content=soooon_static_3,draft — awaiting English creative approval
2026-10-19,18:00,America/Sao_Paulo,Sundust,sundust,product account / matching audience channel,static,exports/en-US/sundust/social-3.png,Sometimes the best part is just being on another world. Discover Sundust. Link in bio. #SpaceGame #SandboxGame #IndieGame,Sometimes the best part is just being on another world. Discover Sundust. Link in bio. #SpaceGame #SandboxGame #IndieGame,A quiet moment on another world.,Use Instagram or the product’s audience channel for this image post.,Discover Sundust via the link in our bio. Which detail matters to you?,https://magiclabsolutions.com/apps/sundust/?utm_source=instagram&utm_medium=organic_social&utm_campaign=october_2026&utm_content=sundust_static_3,draft — awaiting English creative approval
2026-10-19,18:00,America/Sao_Paulo,TumTum,tumtum,product account / matching audience channel,static,exports/en-US/tumtum/social-3.png,What happens next? Let their curiosity lead the play. Discover TumTum. Link in bio. #OpenEndedPlay #DigitalToys #PlayTogether,What happens next? Let their curiosity lead the play. Discover TumTum. Link in bio. #OpenEndedPlay #DigitalToys #PlayTogether,Follow their next “what if?”,Use Instagram or the product’s audience channel for this image post.,Discover TumTum via the link in our bio. Which detail matters to you?,https://magiclabsolutions.com/apps/tumtum/?utm_source=instagram&utm_medium=organic_social&utm_campaign=october_2026&utm_content=tumtum_static_3,draft — awaiting English creative approval
2026-10-20,18:00,America/Sao_Paulo,Giftly,giftly,product account / matching audience channel,static,exports/en-US/giftly/social-3.png,"Tastes, sizes and past gifts: the details that make giving feel personal. Discover Giftly. Link in bio. #GiftIdeas #BirthdayReminder #ThoughtfulGifts","Tastes, sizes and past gifts: the details that make giving feel personal. Discover Giftly. Link in bio. #GiftIdeas #BirthdayReminder #ThoughtfulGifts",Your good gift ideas deserve a home.,Use Instagram or the product’s audience channel for this image post.,Discover Giftly via the link in our bio. Which detail matters to you?,https://magiclabsolutions.com/apps/giftly/?utm_source=instagram&utm_medium=organic_social&utm_campaign=october_2026&utm_content=giftly_static_3,draft — awaiting English creative approval
2026-10-20,18:00,America/Sao_Paulo,Memories,memories,product account / matching audience channel,static,exports/en-US/memories/social-3.png,Your first year together. Their first year here. Your year in life. Discover Memories. Link in bio. #MonthlyFilm #FamilyMemories #PhotoJournal,Your first year together. Their first year here. Your year in life. Discover Memories. Link in bio. #MonthlyFilm #FamilyMemories #PhotoJournal,"A whole month, in a little film.",Use Instagram or the product’s audience channel for this image post.,Discover Memories via the link in our bio. Which detail matters to you?,https://magiclabsolutions.com/apps/memories/?utm_source=instagram&utm_medium=organic_social&utm_campaign=october_2026&utm_content=memories_static_3,draft — awaiting English creative approval
2026-10-20,18:00,America/Sao_Paulo,My Renewals,myrenewals,product account / matching audience channel,static,exports/en-US/myrenewals/social-3.png,The small payments are easier to understand when you can see them together. Discover My Renewals. Link in bio. #SubscriptionTracker #RecurringPayments #MonthlyBudget,The small payments are easier to understand when you can see them together. Discover My Renewals. Link in bio. #SubscriptionTracker #RecurringPayments #MonthlyBudget,Do you know what renews this month?,Use Instagram or the product’s audience channel for this image post.,Discover My Renewals via the link in our bio. Which detail matters to you?,https://magiclabsolutions.com/apps/myrenewals/?utm_source=instagram&utm_medium=organic_social&utm_campaign=october_2026&utm_content=myrenewals_static_3,draft — awaiting English creative approval
2026-10-20,18:00,America/Sao_Paulo,zuzu,zuzu,product account / matching audience channel,static,exports/en-US/zuzu/social-3.png,A quick log can help the next caregiver see what happened. Discover zuzu. Link in bio. #BabyTracker #NewParents #FamilyCare,A quick log can help the next caregiver see what happened. Discover zuzu. Link in bio. #BabyTracker #NewParents #FamilyCare,A day with a baby has a lot of little details.,Use Instagram or the product’s audience channel for this image post.,Discover zuzu via the link in our bio. Which detail matters to you?,https://magiclabsolutions.com/apps/zuzu/?utm_source=instagram&utm_medium=organic_social&utm_campaign=october_2026&utm_content=zuzu_static_3,draft — awaiting English creative approval
2026-10-22,12:30,America/Sao_Paulo,Ground Control,groundcontrol,product account / matching audience channel,carousel,exports/en-US/groundcontrol/carousel-4.png;exports/en-US/groundcontrol/carousel-3.png;exports/en-US/groundcontrol/carousel-2.png,Save this for the days you are moving between several repos. Explore the project. Link in bio. #Git #MacDeveloper #DeveloperTools,Save this for the days you are moving between several repos. Explore the project. Link in bio. #Git #MacDeveloper #DeveloperTools,One place to check the fleet.,Use Instagram or the product’s audience channel for this image post.,Explore the project via the link in our bio. What are you looking forward to?,https://magiclabsolutions.com/apps/groundcontrol/?utm_source=instagram&utm_medium=organic_social&utm_campaign=october_2026&utm_content=groundcontrol_carousel_2,draft — awaiting English creative approval
2026-10-22,12:30,America/Sao_Paulo,Hooray,hooray,product account / matching audience channel,carousel,exports/en-US/hooray/carousel-4.png;exports/en-US/hooray/carousel-3.png;exports/en-US/hooray/carousel-2.png,Save this idea for your next team celebration. Make a card. Link in bio. #GroupCard #BirthdayCard #TeamCelebration,Save this idea for your next team celebration. Make a card. Link in bio. #GroupCard #BirthdayCard #TeamCelebration,Small messages. A big feeling.,Use Instagram or the product’s audience channel for this image post.,Make a card via the link in our bio. What are you looking forward to?,https://magiclabsolutions.com/apps/hooray/?utm_source=instagram&utm_medium=organic_social&utm_campaign=october_2026&utm_content=hooray_carousel_2,draft — awaiting English creative approval
2026-10-22,12:30,America/Sao_Paulo,Poof,poof,product account / matching audience channel,carousel,exports/en-US/poof/carousel-4.png;exports/en-US/poof/carousel-3.png;exports/en-US/poof/carousel-2.png,Save this for the next “disk almost full” day. Explore the project. Link in bio. #MacStorage #DeveloperTools #MacApps,Save this for the next “disk almost full” day. Explore the project. Link in bio. #MacStorage #DeveloperTools #MacApps,What is actually taking up the space?,Use Instagram or the product’s audience channel for this image post.,Explore the project via the link in our bio. What are you looking forward to?,https://magiclabsolutions.com/apps/poof/?utm_source=instagram&utm_medium=organic_social&utm_campaign=october_2026&utm_content=poof_carousel_2,draft — awaiting English creative approval
2026-10-22,12:30,America/Sao_Paulo,Toc Toc,toctoc,product account / matching audience channel,carousel,exports/en-US/toctoc/carousel-4.png;exports/en-US/toctoc/carousel-3.png;exports/en-US/toctoc/carousel-2.png,Save this for your next day of back-to-back calls. Explore the project. Link in bio. #MeetingReminder #MacApps #DeepWork,Save this for your next day of back-to-back calls. Explore the project. Link in bio. #MeetingReminder #MacApps #DeepWork,Focus on the work. Keep the meeting in view.,Use Instagram or the product’s audience channel for this image post.,Explore the project via the link in our bio. What are you looking forward to?,https://magiclabsolutions.com/apps/toctoc/?utm_source=instagram&utm_medium=organic_social&utm_campaign=october_2026&utm_content=toctoc_carousel_2,draft — awaiting English creative approval
2026-10-23,12:30,America/Sao_Paulo,Brainfold,brainfold,product account / matching audience channel,carousel,exports/en-US/brainfold/carousel-4.png;exports/en-US/brainfold/carousel-3.png;exports/en-US/brainfold/carousel-2.png,Save this for your next revision session. Discover Brainfold. Link in bio. #Flashcards #StudyRoutine #StudentLife,Save this for your next revision session. Discover Brainfold. Link in bio. #Flashcards #StudyRoutine #StudentLife,"Your material, in a different form.",Use Instagram or the product’s audience channel for this image post.,Discover Brainfold via the link in our bio. What are you looking forward to?,https://magiclabsolutions.com/apps/brainfold/?utm_source=instagram&utm_medium=organic_social&utm_campaign=october_2026&utm_content=brainfold_carousel_2,draft — awaiting English creative approval
2026-10-23,12:30,America/Sao_Paulo,Soooon,soooon,product account / matching audience channel,carousel,exports/en-US/soooon/carousel-4.png;exports/en-US/soooon/carousel-3.png;exports/en-US/soooon/carousel-2.png,Save this for the next thing you cannot wait for. Explore the project. Link in bio. #Countdown #TravelCountdown #Widgets,Save this for the next thing you cannot wait for. Explore the project. Link in bio. #Countdown #TravelCountdown #Widgets,Even the wait can be a good part.,Use Instagram or the product’s audience channel for this image post.,Explore the project via the link in our bio. What are you looking forward to?,https://magiclabsolutions.com/apps/soooon/?utm_source=instagram&utm_medium=organic_social&utm_campaign=october_2026&utm_content=soooon_carousel_2,draft — awaiting English creative approval
2026-10-23,12:30,America/Sao_Paulo,Sundust,sundust,product account / matching audience channel,carousel,exports/en-US/sundust/carousel-4.png;exports/en-US/sundust/carousel-3.png;exports/en-US/sundust/carousel-2.png,Save this for your next space-game evening. Discover Sundust. Link in bio. #SpaceGame #SandboxGame #IndieGame,Save this for your next space-game evening. Discover Sundust. Link in bio. #SpaceGame #SandboxGame #IndieGame,Where would you land first?,Use Instagram or the product’s audience channel for this image post.,Discover Sundust via the link in our bio. What are you looking forward to?,https://magiclabsolutions.com/apps/sundust/?utm_source=instagram&utm_medium=organic_social&utm_campaign=october_2026&utm_content=sundust_carousel_2,draft — awaiting English creative approval
2026-10-23,12:30,America/Sao_Paulo,TumTum,tumtum,product account / matching audience channel,carousel,exports/en-US/tumtum/carousel-4.png;exports/en-US/tumtum/carousel-3.png;exports/en-US/tumtum/carousel-2.png,Save this for a little moment of exploring together. Discover TumTum. Link in bio. #OpenEndedPlay #DigitalToys #PlayTogether,Save this for a little moment of exploring together. Discover TumTum. Link in bio. #OpenEndedPlay #DigitalToys #PlayTogether,Some discoveries deserve a second try.,Use Instagram or the product’s audience channel for this image post.,Discover TumTum via the link in our bio. What are you looking forward to?,https://magiclabsolutions.com/apps/tumtum/?utm_source=instagram&utm_medium=organic_social&utm_campaign=october_2026&utm_content=tumtum_carousel_2,draft — awaiting English creative approval
2026-10-24,12:30,America/Sao_Paulo,Giftly,giftly,product account / matching audience channel,carousel,exports/en-US/giftly/carousel-4.png;exports/en-US/giftly/carousel-3.png;exports/en-US/giftly/carousel-2.png,"Save this for the next time someone says, “What should we get them?” Discover Giftly. Link in bio. #GiftIdeas #BirthdayReminder #ThoughtfulGifts","Save this for the next time someone says, “What should we get them?” Discover Giftly. Link in bio. #GiftIdeas #BirthdayReminder #ThoughtfulGifts",Less last-minute. More thoughtful.,Use Instagram or the product’s audience channel for this image post.,Discover Giftly via the link in our bio. What are you looking forward to?,https://magiclabsolutions.com/apps/giftly/?utm_source=instagram&utm_medium=organic_social&utm_campaign=october_2026&utm_content=giftly_carousel_2,draft — awaiting English creative approval
2026-10-24,12:30,America/Sao_Paulo,Memories,memories,product account / matching audience channel,carousel,exports/en-US/memories/carousel-4.png;exports/en-US/memories/carousel-3.png;exports/en-US/memories/carousel-2.png,Save this for the photos you keep meaning to do something with. Discover Memories. Link in bio. #MonthlyFilm #FamilyMemories #PhotoJournal,Save this for the photos you keep meaning to do something with. Discover Memories. Link in bio. #MonthlyFilm #FamilyMemories #PhotoJournal,Start with the date that matters to you.,Use Instagram or the product’s audience channel for this image post.,Discover Memories via the link in our bio. What are you looking forward to?,https://magiclabsolutions.com/apps/memories/?utm_source=instagram&utm_medium=organic_social&utm_campaign=october_2026&utm_content=memories_carousel_2,draft — awaiting English creative approval
2026-10-24,12:30,America/Sao_Paulo,My Renewals,myrenewals,product account / matching audience channel,carousel,exports/en-US/myrenewals/carousel-4.png;exports/en-US/myrenewals/carousel-3.png;exports/en-US/myrenewals/carousel-2.png,Save this for your next monthly money check-in. Discover My Renewals. Link in bio. #SubscriptionTracker #RecurringPayments #MonthlyBudget,Save this for your next monthly money check-in. Discover My Renewals. Link in bio. #SubscriptionTracker #RecurringPayments #MonthlyBudget,A clearer view of your recurring spending.,Use Instagram or the product’s audience channel for this image post.,Discover My Renewals via the link in our bio. What are you looking forward to?,https://magiclabsolutions.com/apps/myrenewals/?utm_source=instagram&utm_medium=organic_social&utm_campaign=october_2026&utm_content=myrenewals_carousel_2,draft — awaiting English creative approval
2026-10-24,12:30,America/Sao_Paulo,zuzu,zuzu,product account / matching audience channel,carousel,exports/en-US/zuzu/carousel-4.png;exports/en-US/zuzu/carousel-3.png;exports/en-US/zuzu/carousel-2.png,Save this for the next “When was the last…?” Discover zuzu. Link in bio. #BabyTracker #NewParents #FamilyCare,Save this for the next “When was the last…?” Discover zuzu. Link in bio. #BabyTracker #NewParents #FamilyCare,One quick log. One less thing to remember.,Use Instagram or the product’s audience channel for this image post.,Discover zuzu via the link in our bio. What are you looking forward to?,https://magiclabsolutions.com/apps/zuzu/?utm_source=instagram&utm_medium=organic_social&utm_campaign=october_2026&utm_content=zuzu_carousel_2,draft — awaiting English creative approval
2026-10-25,18:00,America/Sao_Paulo,Ground Control,groundcontrol,product account / matching audience channel,static,exports/en-US/groundcontrol/social-4.png,Save this for the days you are moving between several repos. Explore the project. Link in bio. #Git #MacDeveloper #DeveloperTools,Save this for the days you are moving between several repos. Explore the project. Link in bio. #Git #MacDeveloper #DeveloperTools,One place to check the fleet.,Use Instagram or the product’s audience channel for this image post.,Explore the project via the link in our bio. What are you looking forward to?,https://magiclabsolutions.com/apps/groundcontrol/?utm_source=instagram&utm_medium=organic_social&utm_campaign=october_2026&utm_content=groundcontrol_static_4,draft — awaiting English creative approval
2026-10-25,18:00,America/Sao_Paulo,Hooray,hooray,product account / matching audience channel,static,exports/en-US/hooray/social-4.png,Save this idea for your next team celebration. Make a card. Link in bio. #GroupCard #BirthdayCard #TeamCelebration,Save this idea for your next team celebration. Make a card. Link in bio. #GroupCard #BirthdayCard #TeamCelebration,Small messages. A big feeling.,Use Instagram or the product’s audience channel for this image post.,Make a card via the link in our bio. What are you looking forward to?,https://magiclabsolutions.com/apps/hooray/?utm_source=instagram&utm_medium=organic_social&utm_campaign=october_2026&utm_content=hooray_static_4,draft — awaiting English creative approval
2026-10-25,18:00,America/Sao_Paulo,Poof,poof,product account / matching audience channel,static,exports/en-US/poof/social-4.png,Save this for the next “disk almost full” day. Explore the project. Link in bio. #MacStorage #DeveloperTools #MacApps,Save this for the next “disk almost full” day. Explore the project. Link in bio. #MacStorage #DeveloperTools #MacApps,What is actually taking up the space?,Use Instagram or the product’s audience channel for this image post.,Explore the project via the link in our bio. What are you looking forward to?,https://magiclabsolutions.com/apps/poof/?utm_source=instagram&utm_medium=organic_social&utm_campaign=october_2026&utm_content=poof_static_4,draft — awaiting English creative approval
2026-10-25,18:00,America/Sao_Paulo,Toc Toc,toctoc,product account / matching audience channel,static,exports/en-US/toctoc/social-4.png,Save this for your next day of back-to-back calls. Explore the project. Link in bio. #MeetingReminder #MacApps #DeepWork,Save this for your next day of back-to-back calls. Explore the project. Link in bio. #MeetingReminder #MacApps #DeepWork,Focus on the work. Keep the meeting in view.,Use Instagram or the product’s audience channel for this image post.,Explore the project via the link in our bio. What are you looking forward to?,https://magiclabsolutions.com/apps/toctoc/?utm_source=instagram&utm_medium=organic_social&utm_campaign=october_2026&utm_content=toctoc_static_4,draft — awaiting English creative approval
2026-10-26,18:00,America/Sao_Paulo,Brainfold,brainfold,product account / matching audience channel,static,exports/en-US/brainfold/social-4.png,Save this for your next revision session. Discover Brainfold. Link in bio. #Flashcards #StudyRoutine #StudentLife,Save this for your next revision session. Discover Brainfold. Link in bio. #Flashcards #StudyRoutine #StudentLife,"Your material, in a different form.",Use Instagram or the product’s audience channel for this image post.,Discover Brainfold via the link in our bio. What are you looking forward to?,https://magiclabsolutions.com/apps/brainfold/?utm_source=instagram&utm_medium=organic_social&utm_campaign=october_2026&utm_content=brainfold_static_4,draft — awaiting English creative approval
2026-10-26,18:00,America/Sao_Paulo,Soooon,soooon,product account / matching audience channel,static,exports/en-US/soooon/social-4.png,Save this for the next thing you cannot wait for. Explore the project. Link in bio. #Countdown #TravelCountdown #Widgets,Save this for the next thing you cannot wait for. Explore the project. Link in bio. #Countdown #TravelCountdown #Widgets,Even the wait can be a good part.,Use Instagram or the product’s audience channel for this image post.,Explore the project via the link in our bio. What are you looking forward to?,https://magiclabsolutions.com/apps/soooon/?utm_source=instagram&utm_medium=organic_social&utm_campaign=october_2026&utm_content=soooon_static_4,draft — awaiting English creative approval
2026-10-26,18:00,America/Sao_Paulo,Sundust,sundust,product account / matching audience channel,static,exports/en-US/sundust/social-4.png,Save this for your next space-game evening. Discover Sundust. Link in bio. #SpaceGame #SandboxGame #IndieGame,Save this for your next space-game evening. Discover Sundust. Link in bio. #SpaceGame #SandboxGame #IndieGame,Where would you land first?,Use Instagram or the product’s audience channel for this image post.,Discover Sundust via the link in our bio. What are you looking forward to?,https://magiclabsolutions.com/apps/sundust/?utm_source=instagram&utm_medium=organic_social&utm_campaign=october_2026&utm_content=sundust_static_4,draft — awaiting English creative approval
2026-10-26,18:00,America/Sao_Paulo,TumTum,tumtum,product account / matching audience channel,static,exports/en-US/tumtum/social-4.png,Save this for a little moment of exploring together. Discover TumTum. Link in bio. #OpenEndedPlay #DigitalToys #PlayTogether,Save this for a little moment of exploring together. Discover TumTum. Link in bio. #OpenEndedPlay #DigitalToys #PlayTogether,Some discoveries deserve a second try.,Use Instagram or the product’s audience channel for this image post.,Discover TumTum via the link in our bio. What are you looking forward to?,https://magiclabsolutions.com/apps/tumtum/?utm_source=instagram&utm_medium=organic_social&utm_campaign=october_2026&utm_content=tumtum_static_4,draft — awaiting English creative approval
2026-10-27,18:00,America/Sao_Paulo,Giftly,giftly,product account / matching audience channel,static,exports/en-US/giftly/social-4.png,"Save this for the next time someone says, “What should we get them?” Discover Giftly. Link in bio. #GiftIdeas #BirthdayReminder #ThoughtfulGifts","Save this for the next time someone says, “What should we get them?” Discover Giftly. Link in bio. #GiftIdeas #BirthdayReminder #ThoughtfulGifts",Less last-minute. More thoughtful.,Use Instagram or the product’s audience channel for this image post.,Discover Giftly via the link in our bio. What are you looking forward to?,https://magiclabsolutions.com/apps/giftly/?utm_source=instagram&utm_medium=organic_social&utm_campaign=october_2026&utm_content=giftly_static_4,draft — awaiting English creative approval
2026-10-27,18:00,America/Sao_Paulo,Memories,memories,product account / matching audience channel,static,exports/en-US/memories/social-4.png,Save this for the photos you keep meaning to do something with. Discover Memories. Link in bio. #MonthlyFilm #FamilyMemories #PhotoJournal,Save this for the photos you keep meaning to do something with. Discover Memories. Link in bio. #MonthlyFilm #FamilyMemories #PhotoJournal,Start with the date that matters to you.,Use Instagram or the product’s audience channel for this image post.,Discover Memories via the link in our bio. What are you looking forward to?,https://magiclabsolutions.com/apps/memories/?utm_source=instagram&utm_medium=organic_social&utm_campaign=october_2026&utm_content=memories_static_4,draft — awaiting English creative approval
2026-10-27,18:00,America/Sao_Paulo,My Renewals,myrenewals,product account / matching audience channel,static,exports/en-US/myrenewals/social-4.png,Save this for your next monthly money check-in. Discover My Renewals. Link in bio. #SubscriptionTracker #RecurringPayments #MonthlyBudget,Save this for your next monthly money check-in. Discover My Renewals. Link in bio. #SubscriptionTracker #RecurringPayments #MonthlyBudget,A clearer view of your recurring spending.,Use Instagram or the product’s audience channel for this image post.,Discover My Renewals via the link in our bio. What are you looking forward to?,https://magiclabsolutions.com/apps/myrenewals/?utm_source=instagram&utm_medium=organic_social&utm_campaign=october_2026&utm_content=myrenewals_static_4,draft — awaiting English creative approval
2026-10-27,18:00,America/Sao_Paulo,zuzu,zuzu,product account / matching audience channel,static,exports/en-US/zuzu/social-4.png,Save this for the next “When was the last…?” Discover zuzu. Link in bio. #BabyTracker #NewParents #FamilyCare,Save this for the next “When was the last…?” Discover zuzu. Link in bio. #BabyTracker #NewParents #FamilyCare,One quick log. One less thing to remember.,Use Instagram or the product’s audience channel for this image post.,Discover zuzu via the link in our bio. What are you looking forward to?,https://magiclabsolutions.com/apps/zuzu/?utm_source=instagram&utm_medium=organic_social&utm_campaign=october_2026&utm_content=zuzu_static_4,draft — awaiting English creative approval
