date,time_local,product,asset,caption,status
2026-10-02,12:30,Hooray,exports/en-US/hooray/reel-1.mp4,One signing link. Plenty of personality. Bring everyone into the next birthday card. Make a card. Link in bio.,draft
2026-10-04,12:30,Sundust,exports/en-US/sundust/reel-1.mp4,A tiny rocket. A world to discover. Which direction would you take? Discover Sundust. Link in bio.,draft
2026-10-06,12:30,Giftly,exports/en-US/giftly/reel-1.mp4,The perfect idea usually arrives before you need it. Save it with the person in Giftly. Discover Giftly. Link in bio.,draft
2026-10-09,12:30,Ground Control,exports/en-US/groundcontrol/reel-1.mp4,"Your repositories, their branches, and the work waiting for you. Meet Ground Control for Mac. Explore the project. Link in bio.",draft
2026-10-11,12:30,Brainfold,exports/en-US/brainfold/reel-1.mp4,Give those pages a second job: flashcards and practice questions. Discover Brainfold. Link in bio.,draft
2026-10-13,12:30,Memories,exports/en-US/memories/reel-1.mp4,You already take the photos. Give them a story you can return to. Discover Memories. Link in bio.,draft
2026-10-16,12:30,Poof,exports/en-US/poof/reel-1.mp4,What is filling the disk? Start with a clear view. Meet Poof for Mac. Explore the project. Link in bio.,draft
2026-10-18,12:30,Soooon,exports/en-US/soooon/reel-1.mp4,A countdown with someone to share the hype. Meet Soooon. Explore the project. Link in bio.,draft
2026-10-20,12:30,My Renewals,exports/en-US/myrenewals/reel-1.mp4,"Know what renews next, and see the recurring total together. Discover My Renewals. Link in bio.",draft
2026-10-23,12:30,Toc Toc,exports/en-US/toctoc/reel-1.mp4,For the moments when focus makes the calendar disappear. Meet Toc Toc. Explore the project. Link in bio.,draft
2026-10-25,12:30,TumTum,exports/en-US/tumtum/reel-1.mp4,A cozy home. A curious touch. A little story of their own. Discover TumTum together. Discover TumTum. Link in bio.,draft
2026-10-27,12:30,zuzu,exports/en-US/zuzu/reel-1.mp4,"Sleep, feeds and changes: a shared view for the people caring for your baby. Discover zuzu. Link in bio.",draft
