en-US|newborn,breastfeeding,nursing,bottle,formula,diaper,growth,milestone,family,caregiver,log
en-AU|newborn,breastfeeding,nursing,bottle,formula,nappy,growth,milestone,family,caregiver,log
en-GB|newborn,breastfeeding,nursing,bottle,formula,nappy,growth,milestone,family,caregiver,log
ar|حديث الولادة,رضاعة,حليب,حفاض,نمو,عائلة,رعاية,سجل
bn|নবজাতক,স্তন্যপান,দুধ,ডায়াপার,বৃদ্ধি,পরিবার,যত্ন,ডায়েরি
ca|nadó,lactància,biberó,fórmula,bolquer,creixement,fites,família,cuidador,registre
zh-Hans|新生儿,母乳,哺乳,奶瓶,配方奶,尿布,成长,里程碑,家庭,照护,记录
zh-Hant|新生兒,母乳,哺乳,奶瓶,配方奶,尿布,成長,里程碑,家庭,照護,紀錄
hr|novorođenče,dojenje,hranjenje,bočica,formula,pelena,rast,prekretnica,obitelj,skrbnik,dnevnik
cs|novorozenec,kojení,krmení,lahvička,mléko,plena,růst,milníky,rodina,péče,záznam
da|nyfødt,amning,flaske,modermælkserstatning,ble,vækst,milepæl,familie,omsorg,log
nl|pasgeboren,borstvoeding,voeden,fles,flesvoeding,luier,groei,mijlpaal,familie,verzorger,logboek
fi|vastasyntynyt,imetys,ruokinta,tuttipullo,korvike,vaippa,kasvu,kehitys,perhe,hoitaja,päiväkirja
fr|nouveau-né,allaitement,biberon,lait,couche,croissance,étapes,famille,soins,journal
fr-CA|nouveau-né,allaitement,biberon,lait,couche,croissance,étapes,famille,soins,journal
de|neugeboren,stillen,füttern,flasche,milchnahrung,windel,wachstum,meilenstein,familie,pflege,tagebuch
el|νεογέννητο,θηλασμός,μπιμπερό,γάλα,πάνα,ανάπτυξη,ορόσημα,οικογένεια,φροντίδα,ημερολόγιο
gu|નવજાત,સ્તનપાન,દૂધ,ડાયપર,વિકાસ,પરિવાર,સંભાળ,નોંધ
he|יילוד,הנקה,האכלה,בקבוק,תמ״ל,חיתול,גדילה,התפתחות,משפחה,מטפל,יומן
hi|नवजात,स्तनपान,दूध,डायपर,विकास,परिवार,देखभाल,डायरी
hu|újszülött,szoptatás,etetés,cumisüveg,tápszer,pelenka,növekedés,mérföldkő,család,gondozás,napló
id|bayi baru lahir,menyusui,asi,botol,susu formula,popok,pertumbuhan,tumbuh kembang,keluarga,pengasuh,catatan
it|neonato,allattamento,biberon,latte artificiale,pannolino,crescita,tappe,famiglia,cura,diario
ja|新生児,母乳,授乳,哺乳瓶,ミルク,おむつ,成長,発達,家族,育児,記録
kn|ನವಜಾತ,ಸ್ತನ್ಯಪಾನ,ಹಾಲು,ಡೈಪರ್,ಬೆಳವಣಿಗೆ,ಕುಟುಂಬ,ಆರೈಕೆ,ದಿನಚರಿ
ko|신생아,모유,수유,젖병,분유,기저귀,성장,발달,가족,육아,기록
ms|bayi baru lahir,penyusuan,botol,susu formula,lampin,pertumbuhan,perkembangan,keluarga,penjaga,catatan
ml|നവജാത,മുലയൂട്ടൽ,പാൽ,ഡയപ്പർ,വളർച്ച,കുടുംബം,പരിചരണം,ഡയറി
mr|नवजात,स्तनपान,दूध,डायपर,वाढ,कुटुंब,काळजी,नोंद
nb|nyfødt,amming,flaske,morsmelkerstatning,bleie,vekst,milepæl,familie,omsorg,logg
or|ନବଜାତ,ସ୍ତନ୍ୟପାନ,କ୍ଷୀର,ଡାଏପର,ବୃଦ୍ଧି,ପରିବାର,ଯତ୍ନ,ଡାଏରୀ
pl|noworodek,karmienie,piersią,butelka,mleko,pielucha,wzrost,rozwój,rodzina,opiekun,dziennik
pt-BR|recém-nascido,amamentação,mamada,mamadeira,fórmula,fralda,crescimento,marco,família,cuidador,diário
pt-PT|recém-nascido,amamentação,mamada,biberão,fórmula,fralda,crescimento,marco,família,cuidador,diário
pa|ਨਵਜਾਤ,ਛਾਤੀ ਦਾ ਦੁੱਧ,ਦੁੱਧ,ਡਾਇਪਰ,ਵਿਕਾਸ,ਪਰਿਵਾਰ,ਦੇਖਭਾਲ,ਡਾਇਰੀ
ro|nou-născut,alăptare,hrănire,biberon,lapte,scutec,creștere,dezvoltare,familie,îngrijire,jurnal
ru|новорождённый,грудное вскармливание,кормление,бутылочка,смесь,подгузник,рост,развитие,семья,уход,дневник
sk|novorodenec,dojčenie,kŕmenie,fľaša,mlieko,plienka,rast,míľniky,rodina,starostlivosť,denník
sl|novorojenček,dojenje,hranjenje,steklenička,mleko,plenica,rast,mejniki,družina,nega,dnevnik
es|recién nacido,lactancia,biberón,fórmula,pañal,crecimiento,hitos,familia,cuidador,registro
es-419|recién nacido,lactancia,biberón,fórmula,pañal,crecimiento,hitos,familia,cuidador,registro
sv|nyfödd,amning,flaska,ersättning,blöja,tillväxt,milstolpe,familj,omsorg,dagbok
ta|புதிதாய் பிறந்த,தாய்ப்பால்,பால்,டயப்பர்,வளர்ச்சி,குடும்பம்,பராமரிப்பு,பதிவு
te|నవజాత,తల్లిపాలు,పాలు,డైపర్,ఎదుగుదల,కుటుంబం,సంరక్షణ,డైరీ
th|ทารกแรกเกิด,นมแม่,ให้นม,ขวดนม,นมผง,ผ้าอ้อม,เติบโต,พัฒนาการ,ครอบครัว,ดูแล,บันทึก
tr|yenidoğan,emzirme,beslenme,biberon,mama,bez,büyüme,gelişim,aile,bakıcı,günlük
uk|новонароджений,грудне вигодовування,годування,пляшечка,суміш,підгузок,ріст,розвиток,сім'я,догляд,щоденник
ur|نومولود,دودھ پلانا,دودھ,بوتل,ڈائپر,نشوونما,خاندان,نگہداشت,ڈائری
vi|sơ sinh,bú mẹ,cho bú,bình sữa,sữa công thức,tã,tăng trưởng,cột mốc,gia đình,chăm sóc,nhật ký
