en-US|Books & PDFs.\nInto flashcards.|Scan a page or import a PDF.\nAI builds your study deck.|Import pages or a PDF.\nAI builds your study deck.
ar|الكتب وملفات PDF.\nإلى بطاقات تعليمية.|امسح صفحة أو استورد ملف PDF.\nالذكاء الاصطناعي ينشئ بطاقاتك.|استورد صفحات أو PDF.\nAI يصنع بطاقاتك.
bg|Книги и PDF.\nВ учебни карти.|Сканирай страница или импортирай PDF.\nAI създава твоите учебни карти.|Импортирай страници или PDF.\nAI създава твоите учебни карти.
bn|বই ও PDF।\nপড়ার ফ্ল্যাশকার্ডে।|পাতা স্ক্যান করুন বা PDF আনুন।\nAI আপনার ফ্ল্যাশকার্ড তৈরি করে।|পাতা বা PDF আনুন।\nAI আপনার ফ্ল্যাশকার্ড তৈরি করে।
ca|Llibres i PDF.\nEn fitxes d’estudi.|Escaneja una pàgina o importa un PDF.\nLa IA crea les teves fitxes.|Importa pàgines o un PDF.\nLa IA crea les teves fitxes.
cs|Knihy a PDF.\nNa kartičky.|Naskenuj stránku nebo importuj PDF.\nAI vytvoří tvé studijní kartičky.|Importuj stránky nebo PDF.\nAI vytvoří tvé studijní kartičky.
da|Bøger og PDF’er.\nTil flashcards.|Scan en side, eller importér en PDF.\nAI laver dine studiekort.|Importér sider eller en PDF.\nAI laver dine studiekort.
de|Bücher & PDFs.\nZu Lernkarten.|Scanne eine Seite oder importiere ein PDF.\nKI erstellt deine Lernkarten.|Importiere Seiten oder ein PDF.\nKI erstellt deine Lernkarten.
el|Βιβλία και PDF.\nΣε κάρτες μελέτης.|Σάρωσε μια σελίδα ή εισήγαγε PDF.\nΗ AI δημιουργεί τις κάρτες σου.|Εισήγαγε σελίδες ή PDF.\nΗ AI δημιουργεί τις κάρτες σου.
es|Libros y PDF.\nEn tarjetas.|Escanea una página o importa un PDF.\nLa IA crea tus tarjetas de estudio.|Importa páginas o un PDF.\nLa IA crea tus tarjetas de estudio.
es-US|Libros y PDF.\nEn tarjetas.|Escanea una página o importa un PDF.\nLa IA crea tus tarjetas de estudio.|Importa páginas o un PDF.\nLa IA crea tus tarjetas de estudio.
fi|Kirjat ja PDF:t.\nMuistikorteiksi.|Skannaa sivu tai tuo PDF.\nTekoäly luo opiskelukorttisi.|Tuo sivuja tai PDF.\nTekoäly luo opiskelukorttisi.
fr|Livres et PDF.\nEn fiches de révision.|Scannez une page ou importez un PDF.\nL’IA crée vos fiches de révision.|Importez des pages ou un PDF.\nL’IA crée vos fiches de révision.
fr-CA|Livres et PDF.\nEn fiches de révision.|Numérisez une page ou importez un PDF.\nL’IA crée vos fiches de révision.|Importez des pages ou un PDF.\nL’IA crée vos fiches de révision.
gu|પુસ્તકો અને PDF.\nફ્લૅશકાર્ડમાં.|પાનું સ્કૅન કરો અથવા PDF આયાત કરો.\nAI તમારા અભ્યાસ કાર્ડ બનાવે છે.|પાનાં અથવા PDF આયાત કરો.\nAI તમારા અભ્યાસ કાર્ડ બનાવે છે.
he|ספרים ו-PDF.\nלכרטיסיות לימוד.|סרקו עמוד או ייבאו PDF.\nAI יוצר את כרטיסיות הלימוד שלכם.|ייבאו עמודים או PDF.\nAI יוצר את כרטיסיות הלימוד שלכם.
hi|किताबें और PDF।\nफ़्लैशकार्ड में।|पेज स्कैन करें या PDF आयात करें।\nAI आपके पढ़ाई के कार्ड बनाता है।|पेज या PDF आयात करें।\nAI आपके पढ़ाई के कार्ड बनाता है।
hr|Knjige i PDF.\nU kartice za učenje.|Skeniraj stranicu ili uvezi PDF.\nAI izrađuje tvoje kartice za učenje.|Uvezi stranice ili PDF.\nAI izrađuje tvoje kartice za učenje.
hu|Könyvek és PDF.\nTanulókártyákká.|Szkennelj egy oldalt, vagy importálj PDF-et.\nAz AI elkészíti a tanulókártyáidat.|Importálj oldalakat vagy PDF-et.\nAz AI elkészíti a tanulókártyáidat.
id|Buku & PDF.\nJadi kartu belajar.|Pindai halaman atau impor PDF.\nAI membuat kartu belajarmu.|Impor halaman atau PDF.\nAI membuat kartu belajarmu.
it|Libri e PDF.\nIn flashcard.|Scansiona una pagina o importa un PDF.\nL’IA crea le tue schede di studio.|Importa pagine o un PDF.\nL’IA crea le tue schede di studio.
ja|本やPDFから。\n暗記カードへ。|ページをスキャン、またはPDFを読み込み。\nAIが学習カードを作成します。|ページやPDFを読み込み。\nAIが学習カードを作成します。
kk|Кітаптар мен PDF.\nОқу карточкаларына.|Бетті сканерлеңіз не PDF импорттаңыз.\nЖИ оқу карточкаларын жасайды.|Беттерді не PDF импорттаңыз.\nЖИ оқу карточкаларын жасайды.
kn|ಪುಸ್ತಕ, PDF.\nಓದುವ ಕಾರ್ಡ್‌ಗಳು.|ಪುಟ ಸ್ಕ್ಯಾನ್ ಮಾಡಿ ಅಥವಾ PDF ಆಮದು ಮಾಡಿ.\nAI ನಿಮ್ಮ ಅಧ್ಯಯನ ಕಾರ್ಡ್‌ಗಳನ್ನು ರಚಿಸುತ್ತದೆ.|ಪುಟಗಳು ಅಥವಾ PDF ಆಮದು ಮಾಡಿ.\nAI ನಿಮ್ಮ ಅಧ್ಯಯನ ಕಾರ್ಡ್‌ಗಳನ್ನು ರಚಿಸುತ್ತದೆ.
ko|책과 PDF를.\n암기 카드로.|페이지를 스캔하거나 PDF를 가져오세요.\nAI가 학습 카드를 만들어 줍니다.|페이지나 PDF를 가져오세요.\nAI가 학습 카드를 만들어 줍니다.
lt|Knygos ir PDF.\nĮ mokymosi korteles.|Nuskenuok puslapį arba importuok PDF.\nDI sukuria tavo mokymosi korteles.|Importuok puslapius arba PDF.\nDI sukuria tavo mokymosi korteles.
ml|പുസ്തകം, PDF.\nപഠന കാർഡുകൾ.|പേജ് സ്കാൻ ചെയ്യൂ, PDF ചേർക്കൂ.\nAI പഠന കാർഡുകൾ ഒരുക്കും.|പേജുകളോ PDF-ഓ ചേർക്കൂ.\nAI പഠന കാർഡുകൾ ഒരുക്കും.
mr|पुस्तके आणि PDF.\nफ्लॅशकार्डमध्ये.|पान स्कॅन करा किंवा PDF आयात करा.\nAI तुमची अभ्यास कार्डे तयार करते.|पाने किंवा PDF आयात करा.\nAI तुमची अभ्यास कार्डे तयार करते.
ms|Buku & PDF.\nJadi kad imbas.|Imbas halaman atau import PDF.\nAI menghasilkan kad belajar anda.|Import halaman atau PDF.\nAI menghasilkan kad belajar anda.
nb|Bøker og PDF-er.\nTil flashkort.|Skann en side eller importer en PDF.\nKI lager studiekortene dine.|Importer sider eller en PDF.\nKI lager studiekortene dine.
nl|Boeken & PDF’s.\nNaar flashcards.|Scan een pagina of importeer een PDF.\nAI maakt je studiekaartjes.|Importeer pagina’s of een PDF.\nAI maakt je studiekaartjes.
or|ବହି ଓ PDF।\nଫ୍ଲାଶକାର୍ଡରେ।|ପୃଷ୍ଠା ସ୍କାନ୍ କରନ୍ତୁ କିମ୍ବା PDF ଆଣନ୍ତୁ।\nAI ଆପଣଙ୍କ ପଢ଼ା କାର୍ଡ ତିଆରି କରେ।|ପୃଷ୍ଠା କିମ୍ବା PDF ଆଣନ୍ତୁ।\nAI ଆପଣଙ୍କ ପଢ଼ା କାର୍ଡ ତିଆରି କରେ।
pa|ਕਿਤਾਬਾਂ ਤੇ PDF।\nਫਲੈਸ਼ਕਾਰਡਾਂ ਵਿੱਚ।|ਸਫ਼ਾ ਸਕੈਨ ਕਰੋ ਜਾਂ PDF ਆਯਾਤ ਕਰੋ।\nAI ਤੁਹਾਡੇ ਪੜ੍ਹਾਈ ਕਾਰਡ ਬਣਾਉਂਦਾ ਹੈ।|ਸਫ਼ੇ ਜਾਂ PDF ਆਯਾਤ ਕਰੋ।\nAI ਤੁਹਾਡੇ ਪੜ੍ਹਾਈ ਕਾਰਡ ਬਣਾਉਂਦਾ ਹੈ।
pl|Książki i PDF.\nW fiszki.|Zeskanuj stronę lub importuj PDF.\nAI tworzy Twoje fiszki do nauki.|Importuj strony lub PDF.\nAI tworzy Twoje fiszki do nauki.
pt-BR|Livros e PDFs.\nEm flashcards.|Escaneie uma página ou importe um PDF.\nA IA cria seus cartões de estudo.|Importe páginas ou um PDF.\nA IA cria seus cartões de estudo.
pt-PT|Livros e PDFs.\nEm cartões de estudo.|Digitalize uma página ou importe um PDF.\nA IA cria os seus cartões de estudo.|Importe páginas ou um PDF.\nA IA cria os seus cartões de estudo.
ro|Cărți și PDF-uri.\nÎn fișe de studiu.|Scanează o pagină sau importă un PDF.\nAI creează fișele tale de studiu.|Importă pagini sau un PDF.\nAI creează fișele tale de studiu.
ru|Книги и PDF.\nВ учебные карточки.|Сканируйте страницу или импортируйте PDF.\nИИ создаст карточки для учёбы.|Импортируйте страницы или PDF.\nИИ создаст карточки для учёбы.
sk|Knihy a PDF.\nNa kartičky.|Naskenuj stranu alebo importuj PDF.\nAI vytvorí tvoje študijné kartičky.|Importuj strany alebo PDF.\nAI vytvorí tvoje študijné kartičky.
sl|Knjige in PDF.\nV učne kartice.|Skeniraj stran ali uvozi PDF.\nAI ustvari tvoje učne kartice.|Uvozi strani ali PDF.\nAI ustvari tvoje učne kartice.
sv|Böcker och PDF:er.\nTill flashcards.|Skanna en sida eller importera en PDF.\nAI skapar dina studiekort.|Importera sidor eller en PDF.\nAI skapar dina studiekort.
ta|புத்தகம், PDF.\nபடிப்பு அட்டைகள்.|பக்கத்தை ஸ்கேன் செய், PDF சேர்.\nAI படிப்பு அட்டைகளை உருவாக்கும்.|பக்கங்கள் அல்லது PDF சேர்.\nAI படிப்பு அட்டைகளை உருவாக்கும்.
te|పుస్తకాలు, PDFలు.\nఫ్లాష్‌కార్డ్‌లుగా.|పేజీని స్కాన్ చేయండి లేదా PDF దిగుమతి చేయండి.\nAI మీ అధ్యయన కార్డ్‌లను రూపొందిస్తుంది.|పేజీలు లేదా PDF దిగుమతి చేయండి.\nAI మీ అధ్యయన కార్డ్‌లను రూపొందిస్తుంది.
th|หนังสือและ PDF\nเป็นแฟลชการ์ด|สแกนหน้าหนังสือหรือนำเข้า PDF\nAI สร้างชุดบัตรคำให้คุณ|นำเข้าหน้าหนังสือหรือ PDF\nAI สร้างชุดบัตรคำให้คุณ
tr|Kitaplar ve PDF’ler.\nBilgi kartlarına.|Bir sayfa tara veya PDF içe aktar.\nYapay zekâ çalışma kartlarını hazırlar.|Sayfaları veya PDF’yi içe aktar.\nYapay zekâ çalışma kartlarını hazırlar.
uk|Книги та PDF.\nУ навчальні картки.|Скануйте сторінку або імпортуйте PDF.\nШІ створить картки для навчання.|Імпортуйте сторінки або PDF.\nШІ створить картки для навчання.
ur|کتابیں اور PDF۔\nفلیش کارڈز میں۔|صفحہ اسکین کریں یا PDF درآمد کریں۔\nAI آپ کے مطالعاتی کارڈز بناتا ہے۔|صفحات یا PDF درآمد کریں۔\nAI آپ کے مطالعاتی کارڈز بناتا ہے۔
vi|Sách và PDF.\nThành thẻ ghi nhớ.|Quét trang hoặc nhập PDF.\nAI tạo bộ thẻ học cho bạn.|Nhập các trang hoặc PDF.\nAI tạo bộ thẻ học cho bạn.
zh-HK|書本與PDF。\n變成溫習卡。|掃描頁面或匯入PDF。\nAI為你建立溫習卡組。|匯入頁面或PDF。\nAI為你建立溫習卡組。
en-AU|Books & PDFs.\nInto flashcards.|Scan a page or import a PDF.\nAI builds your study deck.|Import pages or a PDF.\nAI builds your study deck.
en-GB|Books & PDFs.\nInto flashcards.|Scan a page or import a PDF.\nAI builds your study deck.|Import pages or a PDF.\nAI builds your study deck.
en-IN|Books & PDFs.\nInto flashcards.|Scan a page or import a PDF.\nAI builds your study deck.|Import pages or a PDF.\nAI builds your study deck.
