en-US|Gift thoughtfully.|Remember dates. Save ideas.|Dates that matter.|See the next celebration.|Keep the good ideas.|Save gifts with the right person.|Make it personal.|Remember their tastes and sizes.
ar|هدية باهتمام.|تذكّر المواعيد. واحفظ الأفكار.|مواعيد تهمّك.|شاهد المناسبة القادمة.|احفظ أفكار الهدايا.|احفظ الهدية مع الشخص المناسب.|هدية على ذوقهم.|تذكّر أذواقهم ومقاساتهم.
ca|Regala amb cura.|Recorda dates. Desa idees.|Dates importants.|La propera celebració, a mà.|Desa les bones idees.|Regals amb la persona adequada.|Fes-ho personal.|Recorda els seus gustos i talles.
cs|Darujte s péčí.|Pamatujte na data. Ukládejte nápady.|Důležitá data.|Mějte příští oslavu na očích.|Dobré nápady po ruce.|Dárky u toho správného člověka.|Osobní dárek.|Pamatujte na zájmy a velikosti.
da|Giv med omtanke.|Husk datoer. Gem idéer.|Vigtige datoer.|Se den næste fejring.|Gem de gode idéer.|Gem gaver ved den rette person.|Gør det personligt.|Husk deres smag og størrelser.
de|Mit Bedacht schenken.|Termine merken. Ideen sammeln.|Wichtige Termine.|Die nächste Feier im Blick.|Gute Ideen bewahren.|Geschenke bei der richtigen Person.|Persönlich schenken.|Vorlieben und Größen merken.
el|Δώρο με φροντίδα.|Θυμήσου ημερομηνίες. Κράτα ιδέες.|Σημαντικές μέρες.|Δες την επόμενη γιορτή.|Κράτα καλές ιδέες.|Δώρα μαζί με το σωστό πρόσωπο.|Δώρο στα μέτρα τους.|Θυμήσου γούστα και μεγέθη.
es|Regala con cariño.|Recuerda fechas. Guarda ideas.|Fechas importantes.|La próxima celebración, a mano.|Guarda buenas ideas.|Regalos con la persona indicada.|Hazlo personal.|Recuerda sus gustos y tallas.
fi|Anna ajatuksella.|Muista päivät. Tallenna ideat.|Tärkeät päivät.|Näe seuraava juhla.|Hyvät ideat talteen.|Lahjat oikean henkilön kohdalle.|Tee siitä oma.|Muista heidän makunsa ja kokonsa.
fr|Offrez avec attention.|Gardez les dates et les idées.|Les dates qui comptent.|La prochaine fête, sous les yeux.|Gardez les bonnes idées.|Des cadeaux associés à chacun.|Un cadeau personnel.|Retenez leurs goûts et tailles.
he|מתנה עם מחשבה.|זכרו תאריכים. שמרו רעיונות.|תאריכים חשובים.|החגיגה הבאה מול העיניים.|שמרו רעיונות טובים.|מתנות לצד האדם המתאים.|מתנה אישית.|זכרו את הטעם והמידות שלהם.
hi|सोच-समझकर दें।|तारीखें याद रखें। विचार सहेजें।|ज़रूरी तारीखें।|अगला उत्सव सामने रखें।|अच्छे विचार सहेजें।|सही व्यक्ति के साथ उपहार सहेजें।|उनके लिए खास।|उनकी पसंद और साइज़ याद रखें।
hr|Darujte pažljivo.|Pamtite datume. Spremite ideje.|Važni datumi.|Sljedeća proslava na vidiku.|Sačuvajte dobre ideje.|Darovi uz pravu osobu.|Osobni dar.|Zapamtite njihove ukuse i veličine.
hu|Ajándékozz figyelmesen.|Jegyezd meg a dátumokat és ötleteket.|Fontos dátumok.|Lásd a következő ünnepet.|Őrizd meg az ötleteket.|Ajándékok a megfelelő személynél.|Személyes ajándék.|Jegyezd meg ízlésüket és méretüket.
id|Hadiah penuh perhatian.|Ingat tanggal. Simpan ide.|Tanggal penting.|Lihat perayaan berikutnya.|Simpan ide bagus.|Simpan hadiah bersama orangnya.|Jadikan lebih personal.|Ingat selera dan ukuran mereka.
it|Regala con cura.|Ricorda le date. Salva le idee.|Le date che contano.|La prossima festa, a portata di mano.|Salva le belle idee.|Regali con la persona giusta.|Un regalo personale.|Ricorda gusti e taglie.
ja|想いを込めた贈り物。|大切な日を覚えて、アイデアを保存。|大切な日をひと目で。|次のお祝いを確認。|いいアイデアを保存。|贈る相手と一緒にアイデアを保存。|その人らしい贈り物。|好みやサイズを覚えておこう。
ko|마음을 담은 선물.|날짜를 기억하고 아이디어를 저장하세요.|소중한 날짜.|다음 기념일을 확인하세요.|좋은 아이디어 저장.|선물 아이디어를 사람별로 모아두세요.|그 사람을 위한 선물.|취향과 사이즈를 기억하세요.
ms|Hadiah penuh makna.|Ingat tarikh. Simpan idea.|Tarikh penting.|Lihat sambutan seterusnya.|Simpan idea bernas.|Simpan hadiah bersama penerimanya.|Jadikan lebih peribadi.|Ingat cita rasa dan saiz mereka.
nb|Gi med omtanke.|Husk datoer. Lagre ideer.|Viktige datoer.|Se den neste feiringen.|Ta vare på gode ideer.|Gaver ved den rette personen.|Gjør det personlig.|Husk smak og størrelser.
nl|Geef met aandacht.|Onthoud data. Bewaar ideeën.|Belangrijke data.|De volgende viering in beeld.|Bewaar goede ideeën.|Cadeaus bij de juiste persoon.|Maak het persoonlijk.|Onthoud hun smaak en maten.
pl|Podaruj z troską.|Pamiętaj daty. Zapisuj pomysły.|Ważne daty.|Zobacz najbliższe święto.|Zachowaj dobre pomysły.|Prezenty przy właściwej osobie.|Osobisty prezent.|Pamiętaj ich gusta i rozmiary.
pt-BR|Presenteie com carinho.|Lembre das datas. Salve ideias.|Datas que importam.|Veja a próxima comemoração.|Guarde boas ideias.|Presentes com a pessoa certa.|Um presente pessoal.|Lembre dos gostos e tamanhos.
pt-PT|Ofereça com carinho.|Lembre-se das datas. Guarde ideias.|Datas importantes.|Veja a próxima celebração.|Guarde boas ideias.|Presentes com a pessoa certa.|Um presente pessoal.|Lembre-se dos gostos e tamanhos.
ro|Dăruiește cu grijă.|Reține datele. Salvează ideile.|Date importante.|Vezi următoarea sărbătoare.|Păstrează ideile bune.|Cadouri alături de persoana potrivită.|Un cadou personal.|Reține gusturile și mărimile.
ru|Дарите с заботой.|Помните даты. Сохраняйте идеи.|Важные даты.|Следующий праздник на виду.|Сохраните идеи.|Подарки рядом с нужным человеком.|Личный подарок.|Помните вкусы и размеры.
sk|Darujte s citom.|Pamätajte na dátumy. Ukladajte nápady.|Dôležité dátumy.|Majte ďalšiu oslavu na očiach.|Dobré nápady poruke.|Darčeky pri správnej osobe.|Osobný darček.|Pamätajte na záujmy a veľkosti.
sv|Ge med omtanke.|Kom ihåg datum. Spara idéer.|Viktiga datum.|Se nästa firande.|Spara de goda idéerna.|Presenter vid rätt person.|Gör det personligt.|Kom ihåg smak och storlekar.
th|ให้ของขวัญด้วยใจ|จำวันสำคัญ เก็บไอเดียไว้|วันที่มีความหมาย|ดูงานฉลองครั้งถัดไป|เก็บไอเดียดี ๆ|บันทึกของขวัญไว้กับคนที่ใช่|ของขวัญที่รู้ใจ|จำความชอบและขนาดของพวกเขา
tr|Düşünerek hediye edin.|Tarihleri hatırlayın. Fikirleri kaydedin.|Önemli tarihler.|Sıradaki kutlamayı görün.|Güzel fikirleri saklayın.|Hediyeler doğru kişinin yanında.|Kişiye özel bir hediye.|Zevklerini ve bedenlerini hatırlayın.
uk|Даруйте з турботою.|Пам’ятайте дати. Зберігайте ідеї.|Важливі дати.|Наступне свято перед очима.|Збережіть ідеї.|Подарунки поруч із потрібною людиною.|Особистий подарунок.|Пам’ятайте смаки та розміри.
vi|Trao quà bằng cả tấm lòng.|Nhớ ngày quan trọng. Lưu ý tưởng.|Những ngày ý nghĩa.|Xem dịp ăn mừng tiếp theo.|Giữ những ý tưởng hay.|Lưu quà cùng đúng người nhận.|Món quà dành riêng.|Nhớ sở thích và kích cỡ của họ.
zh-Hans|用心挑选礼物。|记住重要日子，保存送礼灵感。|值得记住的日子。|看看下一个庆祝时刻。|留住好点子。|把送礼灵感存到对应的人名下。|送出专属心意。|记住他们的喜好和尺码。
zh-Hant|用心挑選禮物。|記住重要日子，儲存送禮靈感。|值得記住的日子。|看看下一個慶祝時刻。|留住好點子。|把送禮靈感存到對應的人名下。|送出專屬心意。|記住他們的喜好和尺寸。
